0 verbose cli C:\nvm4w\nodejs\node.exe C:\nvm4w\nodejs\node_modules\npm\bin\npm-cli.js
1 info using npm@11.6.2
2 info using node@v24.13.0
3 silly config load:file:C:\Users\Administrator\AppData\Local\nvm\v24.13.0\node_modules\npm\npmrc
4 silly config load:file:C:\Users\Administrator\OneDrive - Innlandet fylkeskommune\Skrivebord\Case Battle\Case-Battle\.npmrc
5 silly config load:file:C:\Users\Administrator\.npmrc
6 silly config load:file:C:\nvm4w\nodejs\etc\npmrc
7 verbose title npm install prisma ts-node
8 verbose argv "install" "--save-dev" "prisma" "ts-node"
9 verbose logfile logs-max:10 dir:C:\Users\Administrator\OneDrive - Innlandet fylkeskommune\Skrivebord\Case Battle\Case-Battle\.npm-cache\_logs\2026-05-04T12_48_28_610Z-
10 verbose logfile C:\Users\Administrator\OneDrive - Innlandet fylkeskommune\Skrivebord\Case Battle\Case-Battle\.npm-cache\_logs\2026-05-04T12_48_28_610Z-debug-0.log
11 silly logfile done cleaning log files
12 silly packumentCache heap:4496293888 maxSize:1124073472 maxEntrySize:562036736
13 silly idealTree buildDeps
14 silly fetch manifest prisma@*
15 silly packumentCache full:https://registry.npmjs.org/prisma cache-miss
16 http cache https://registry.npmjs.org/prisma 215ms (cache hit)
17 silly packumentCache full:https://registry.npmjs.org/prisma set size:43213814 disposed:false
18 silly fetch manifest better-sqlite3@>=9.0.0
19 silly packumentCache full:https://registry.npmjs.org/better-sqlite3 cache-miss
20 http cache https://registry.npmjs.org/better-sqlite3 40ms (cache hit)
21 silly packumentCache full:https://registry.npmjs.org/better-sqlite3 set size:374702 disposed:false
22 silly fetch manifest typescript@^5
23 silly packumentCache full:https://registry.npmjs.org/typescript cache-miss
24 http cache https://registry.npmjs.org/typescript 46ms (cache hit)
25 silly packumentCache full:https://registry.npmjs.org/typescript set size:15409943 disposed:false
26 silly fetch manifest ts-node@*
27 silly packumentCache full:https://registry.npmjs.org/ts-node cache-miss
28 http fetch GET 200 https://registry.npmjs.org/ts-node 237ms (cache miss)
29 silly packumentCache full:https://registry.npmjs.org/ts-node set size:undefined disposed:false
30 silly fetch manifest @swc/core@>=1.2.50
31 silly packumentCache full:https://registry.npmjs.org/@swc%2fcore cache-miss
32 http fetch GET 200 https://registry.npmjs.org/@swc%2fcore 232ms (cache miss)
33 silly packumentCache full:https://registry.npmjs.org/@swc%2fcore set size:undefined disposed:false
34 silly fetch manifest @swc/helpers@>=0.5.17
35 silly packumentCache full:https://registry.npmjs.org/@swc%2fhelpers cache-miss
36 http cache https://registry.npmjs.org/@swc%2fhelpers 17ms (cache hit)
37 silly packumentCache full:https://registry.npmjs.org/@swc%2fhelpers set size:726705 disposed:false
38 silly fetch manifest @swc/wasm@>=1.2.50
39 silly packumentCache full:https://registry.npmjs.org/@swc%2fwasm cache-miss
40 http fetch GET 200 https://registry.npmjs.org/@swc%2fwasm 251ms (cache miss)
41 silly packumentCache full:https://registry.npmjs.org/@swc%2fwasm set size:undefined disposed:false
42 silly fetch manifest @types/node@^20
43 silly packumentCache full:https://registry.npmjs.org/@types%2fnode cache-miss
44 http cache https://registry.npmjs.org/@types%2fnode 45ms (cache hit)
45 silly packumentCache full:https://registry.npmjs.org/@types%2fnode set size:10972342 disposed:false
46 silly placeDep ROOT prisma@7.8.0 OK for: skinforge@0.1.0 want: *
47 silly placeDep ROOT ts-node@10.9.2 OK for: skinforge@0.1.0 want: *
48 silly fetch manifest mysql2@3.15.3
49 silly packumentCache full:https://registry.npmjs.org/mysql2 cache-miss
50 silly fetch manifest postgres@3.4.7
51 silly packumentCache full:https://registry.npmjs.org/postgres cache-miss
52 silly fetch manifest @prisma/dev@0.24.3
53 silly packumentCache full:https://registry.npmjs.org/@prisma%2fdev cache-miss
54 silly fetch manifest @prisma/config@7.8.0
55 silly packumentCache full:https://registry.npmjs.org/@prisma%2fconfig cache-miss
56 silly fetch manifest @prisma/engines@7.8.0
57 silly packumentCache full:https://registry.npmjs.org/@prisma%2fengines cache-miss
58 silly fetch manifest @prisma/studio-core@0.27.3
59 silly packumentCache full:https://registry.npmjs.org/@prisma%2fstudio-core cache-miss
60 silly fetch manifest yn@3.1.1
61 silly packumentCache full:https://registry.npmjs.org/yn cache-miss
62 silly fetch manifest arg@^4.1.0
63 silly packumentCache full:https://registry.npmjs.org/arg cache-miss
64 silly fetch manifest diff@^4.0.1
65 silly packumentCache full:https://registry.npmjs.org/diff cache-miss
66 silly fetch manifest acorn-walk@^8.1.1
67 silly packumentCache full:https://registry.npmjs.org/acorn-walk cache-miss
68 silly fetch manifest make-error@^1.1.1
69 silly packumentCache full:https://registry.npmjs.org/make-error cache-miss
70 silly fetch manifest create-require@^1.1.0
71 silly packumentCache full:https://registry.npmjs.org/create-require cache-miss
72 silly fetch manifest @tsconfig/node10@^1.0.7
73 silly packumentCache full:https://registry.npmjs.org/@tsconfig%2fnode10 cache-miss
74 silly fetch manifest @tsconfig/node12@^1.0.7
75 silly packumentCache full:https://registry.npmjs.org/@tsconfig%2fnode12 cache-miss
76 silly fetch manifest @tsconfig/node14@^1.0.0
77 silly packumentCache full:https://registry.npmjs.org/@tsconfig%2fnode14 cache-miss
78 silly fetch manifest @tsconfig/node16@^1.0.2
79 silly packumentCache full:https://registry.npmjs.org/@tsconfig%2fnode16 cache-miss
80 silly fetch manifest v8-compile-cache-lib@^3.0.1
81 silly packumentCache full:https://registry.npmjs.org/v8-compile-cache-lib cache-miss
82 http cache https://registry.npmjs.org/arg 212ms (cache hit)
83 silly packumentCache full:https://registry.npmjs.org/arg set size:67036 disposed:false
84 silly fetch manifest @cspotcode/source-map-support@^0.8.0
85 silly packumentCache full:https://registry.npmjs.org/@cspotcode%2fsource-map-support cache-miss
86 http fetch GET 200 https://registry.npmjs.org/mysql2 246ms (cache miss)
87 silly packumentCache full:https://registry.npmjs.org/mysql2 set size:undefined disposed:false
88 http fetch GET 200 https://registry.npmjs.org/diff 247ms (cache miss)
89 silly packumentCache full:https://registry.npmjs.org/diff set size:undefined disposed:false
90 http fetch GET 200 https://registry.npmjs.org/yn 264ms (cache miss)
91 silly packumentCache full:https://registry.npmjs.org/yn set size:undefined disposed:false
92 http fetch GET 200 https://registry.npmjs.org/@tsconfig%2fnode10 263ms (cache miss)
93 silly packumentCache full:https://registry.npmjs.org/@tsconfig%2fnode10 set size:undefined disposed:false
94 http fetch GET 200 https://registry.npmjs.org/@tsconfig%2fnode16 264ms (cache miss)
95 silly packumentCache full:https://registry.npmjs.org/@tsconfig%2fnode16 set size:undefined disposed:false
96 http fetch GET 200 https://registry.npmjs.org/@cspotcode%2fsource-map-support 63ms (cache miss)
97 silly packumentCache full:https://registry.npmjs.org/@cspotcode%2fsource-map-support set size:undefined disposed:false
98 http fetch GET 200 https://registry.npmjs.org/postgres 298ms (cache miss)
99 silly packumentCache full:https://registry.npmjs.org/postgres set size:undefined disposed:false
100 http fetch GET 200 https://registry.npmjs.org/acorn-walk 398ms (cache miss)
101 silly packumentCache full:https://registry.npmjs.org/acorn-walk set size:undefined disposed:false
102 http fetch GET 200 https://registry.npmjs.org/make-error 421ms (cache miss)
103 silly packumentCache full:https://registry.npmjs.org/make-error set size:undefined disposed:false
104 http fetch GET 200 https://registry.npmjs.org/create-require 428ms (cache miss)
105 silly packumentCache full:https://registry.npmjs.org/create-require set size:undefined disposed:false
106 http fetch GET 200 https://registry.npmjs.org/@tsconfig%2fnode12 740ms (cache miss)
107 silly packumentCache full:https://registry.npmjs.org/@tsconfig%2fnode12 set size:undefined disposed:false
108 http fetch GET 200 https://registry.npmjs.org/@prisma%2fdev 809ms (cache miss)
109 silly packumentCache full:https://registry.npmjs.org/@prisma%2fdev set size:undefined disposed:false
110 http fetch GET 200 https://registry.npmjs.org/v8-compile-cache-lib 816ms (cache miss)
111 silly packumentCache full:https://registry.npmjs.org/v8-compile-cache-lib set size:undefined disposed:false
112 http fetch GET 200 https://registry.npmjs.org/@prisma%2fconfig 889ms (cache miss)
113 silly packumentCache full:https://registry.npmjs.org/@prisma%2fconfig set size:undefined disposed:false
114 http fetch GET 200 https://registry.npmjs.org/@tsconfig%2fnode14 920ms (cache miss)
115 silly packumentCache full:https://registry.npmjs.org/@tsconfig%2fnode14 set size:undefined disposed:false
116 http fetch GET 200 https://registry.npmjs.org/@prisma%2fstudio-core 1225ms (cache miss)
117 silly packumentCache full:https://registry.npmjs.org/@prisma%2fstudio-core set size:undefined disposed:false
118 http fetch GET 200 https://registry.npmjs.org/@prisma%2fengines 1328ms (cache miss)
119 silly packumentCache full:https://registry.npmjs.org/@prisma%2fengines set size:undefined disposed:false
120 silly fetch manifest @types/react@^18.0.0 || ^19.0.0
121 silly packumentCache full:https://registry.npmjs.org/@types%2freact cache-miss
122 http cache https://registry.npmjs.org/@types%2freact 16ms (cache hit)
123 silly packumentCache full:https://registry.npmjs.org/@types%2freact set size:2588964 disposed:false
124 silly fetch manifest react@^18.0.0 || ^19.0.0
125 silly packumentCache full:https://registry.npmjs.org/react cache-miss
126 http cache https://registry.npmjs.org/react 24ms (cache hit)
127 silly packumentCache full:https://registry.npmjs.org/react set size:6633619 disposed:false
128 silly fetch manifest react-dom@^18.0.0 || ^19.0.0
129 silly packumentCache full:https://registry.npmjs.org/react-dom cache-miss
130 http cache https://registry.npmjs.org/react-dom 43ms (cache hit)
131 silly packumentCache full:https://registry.npmjs.org/react-dom set size:8839555 disposed:false
132 silly placeDep ROOT @prisma/config@7.8.0 OK for: prisma@7.8.0 want: 7.8.0
133 silly placeDep ROOT @prisma/dev@0.24.3 OK for: prisma@7.8.0 want: 0.24.3
134 silly placeDep ROOT @prisma/engines@7.8.0 OK for: prisma@7.8.0 want: 7.8.0
135 silly placeDep ROOT @prisma/studio-core@0.27.3 OK for: prisma@7.8.0 want: 0.27.3
136 silly placeDep ROOT mysql2@3.15.3 OK for: prisma@7.8.0 want: 3.15.3
137 silly placeDep ROOT postgres@3.4.7 OK for: prisma@7.8.0 want: 3.4.7
138 silly fetch manifest c12@3.3.4
139 silly packumentCache full:https://registry.npmjs.org/c12 cache-miss
140 silly fetch manifest effect@3.20.0
141 silly packumentCache full:https://registry.npmjs.org/effect cache-miss
142 silly fetch manifest empathic@2.0.0
143 silly packumentCache full:https://registry.npmjs.org/empathic cache-miss
144 silly fetch manifest deepmerge-ts@7.1.5
145 silly packumentCache full:https://registry.npmjs.org/deepmerge-ts cache-miss
146 silly fetch manifest hono@^4.12.8
147 silly packumentCache full:https://registry.npmjs.org/hono cache-miss
148 silly fetch manifest pathe@2.0.3
149 silly packumentCache full:https://registry.npmjs.org/pathe cache-miss
150 silly fetch manifest remeda@2.33.4
151 silly packumentCache full:https://registry.npmjs.org/remeda cache-miss
152 silly fetch manifest std-env@3.10.0
153 silly packumentCache full:https://registry.npmjs.org/std-env cache-miss
154 silly fetch manifest valibot@1.2.0
155 silly packumentCache full:https://registry.npmjs.org/valibot cache-miss
156 silly fetch manifest zeptomatch@2.1.0
157 silly packumentCache full:https://registry.npmjs.org/zeptomatch cache-miss
158 silly fetch manifest get-port-please@3.2.0
159 silly packumentCache full:https://registry.npmjs.org/get-port-please cache-miss
160 silly fetch manifest proper-lockfile@4.1.2
161 silly packumentCache full:https://registry.npmjs.org/proper-lockfile cache-miss
162 silly fetch manifest @hono/node-server@1.19.11
163 silly packumentCache full:https://registry.npmjs.org/@hono%2fnode-server cache-miss
164 silly fetch manifest http-status-codes@2.3.0
165 silly packumentCache full:https://registry.npmjs.org/http-status-codes cache-miss
166 silly fetch manifest @electric-sql/pglite@0.4.1
167 silly packumentCache full:https://registry.npmjs.org/@electric-sql%2fpglite cache-miss
168 silly fetch manifest @prisma/get-platform@7.2.0
169 silly packumentCache full:https://registry.npmjs.org/@prisma%2fget-platform cache-miss
170 silly fetch manifest @prisma/streams-local@0.1.2
171 silly packumentCache full:https://registry.npmjs.org/@prisma%2fstreams-local cache-miss
172 http fetch GET 200 https://registry.npmjs.org/proper-lockfile 98ms (cache miss)
173 silly packumentCache full:https://registry.npmjs.org/proper-lockfile set size:undefined disposed:false
174 silly fetch manifest @electric-sql/pglite-tools@0.3.1
175 silly packumentCache full:https://registry.npmjs.org/@electric-sql%2fpglite-tools cache-miss
176 http fetch GET 200 https://registry.npmjs.org/std-env 118ms (cache miss)
177 silly packumentCache full:https://registry.npmjs.org/std-env set size:undefined disposed:false
178 silly fetch manifest @electric-sql/pglite-socket@0.1.1
179 silly packumentCache full:https://registry.npmjs.org/@electric-sql%2fpglite-socket cache-miss
180 http fetch GET 200 https://registry.npmjs.org/valibot 122ms (cache miss)
181 silly packumentCache full:https://registry.npmjs.org/valibot set size:undefined disposed:false
182 silly fetch manifest @prisma/query-plan-executor@7.2.0
183 silly packumentCache full:https://registry.npmjs.org/@prisma%2fquery-plan-executor cache-miss
184 http fetch GET 200 https://registry.npmjs.org/c12 139ms (cache miss)
185 silly packumentCache full:https://registry.npmjs.org/c12 set size:undefined disposed:false
186 silly fetch manifest @prisma/debug@7.8.0
187 silly packumentCache full:https://registry.npmjs.org/@prisma%2fdebug cache-miss
188 http fetch GET 200 https://registry.npmjs.org/@hono%2fnode-server 142ms (cache miss)
189 silly packumentCache full:https://registry.npmjs.org/@hono%2fnode-server set size:undefined disposed:false
190 silly fetch manifest @prisma/fetch-engine@7.8.0
191 silly packumentCache full:https://registry.npmjs.org/@prisma%2ffetch-engine cache-miss
192 http fetch GET 200 https://registry.npmjs.org/@electric-sql%2fpglite 161ms (cache miss)
193 silly packumentCache full:https://registry.npmjs.org/@electric-sql%2fpglite set size:undefined disposed:false
194 silly fetch manifest @prisma/get-platform@7.8.0
195 silly packumentCache full:https://registry.npmjs.org/@prisma%2fget-platform cache-miss
196 http fetch GET 200 https://registry.npmjs.org/remeda 191ms (cache miss)
197 silly packumentCache full:https://registry.npmjs.org/remeda set size:undefined disposed:false
198 silly fetch manifest @prisma/engines-version@7.8.0-6.3c6e192761c0362d496ed980de936e2f3cebcd3a
199 silly packumentCache full:https://registry.npmjs.org/@prisma%2fengines-version cache-miss
200 http fetch GET 200 https://registry.npmjs.org/zeptomatch 220ms (cache miss)
201 silly packumentCache full:https://registry.npmjs.org/zeptomatch set size:undefined disposed:false
202 silly fetch manifest @radix-ui/react-toggle@1.1.10
203 silly packumentCache full:https://registry.npmjs.org/@radix-ui%2freact-toggle cache-miss
204 http fetch GET 200 https://registry.npmjs.org/empathic 228ms (cache miss)
205 silly packumentCache full:https://registry.npmjs.org/empathic set size:undefined disposed:false
206 silly fetch manifest chart.js@4.5.1
207 silly packumentCache full:https://registry.npmjs.org/chart.js cache-miss
208 http fetch GET 200 https://registry.npmjs.org/deepmerge-ts 247ms (cache miss)
209 silly packumentCache full:https://registry.npmjs.org/deepmerge-ts set size:undefined disposed:false
210 silly fetch manifest long@^5.2.1
211 silly packumentCache full:https://registry.npmjs.org/long cache-miss
212 http fetch GET 200 https://registry.npmjs.org/http-status-codes 261ms (cache miss)
213 silly packumentCache full:https://registry.npmjs.org/http-status-codes set size:undefined disposed:false
214 silly fetch manifest denque@^2.1.0
215 silly packumentCache full:https://registry.npmjs.org/denque cache-miss
216 http fetch GET 200 https://registry.npmjs.org/get-port-please 270ms (cache miss)
217 silly packumentCache full:https://registry.npmjs.org/get-port-please set size:undefined disposed:false
218 silly fetch manifest lru.min@^1.0.0
219 silly packumentCache full:https://registry.npmjs.org/lru.min cache-miss
220 http fetch GET 200 https://registry.npmjs.org/chart.js 98ms (cache miss)
221 silly packumentCache full:https://registry.npmjs.org/chart.js set size:undefined disposed:false
222 silly fetch manifest seq-queue@^0.0.5
223 silly packumentCache full:https://registry.npmjs.org/seq-queue cache-miss
224 http fetch GET 200 https://registry.npmjs.org/denque 67ms (cache miss)
225 silly packumentCache full:https://registry.npmjs.org/denque set size:undefined disposed:false
226 silly fetch manifest sqlstring@^2.3.2
227 silly packumentCache full:https://registry.npmjs.org/sqlstring cache-miss
228 http fetch GET 200 https://registry.npmjs.org/long 84ms (cache miss)
229 silly packumentCache full:https://registry.npmjs.org/long set size:undefined disposed:false
230 silly fetch manifest iconv-lite@^0.7.0
231 silly packumentCache full:https://registry.npmjs.org/iconv-lite cache-miss
232 http fetch GET 200 https://registry.npmjs.org/iconv-lite 48ms (cache miss)
233 silly packumentCache full:https://registry.npmjs.org/iconv-lite set size:undefined disposed:false
234 silly fetch manifest aws-ssl-profiles@^1.1.1
235 silly packumentCache full:https://registry.npmjs.org/aws-ssl-profiles cache-miss
236 http fetch GET 200 https://registry.npmjs.org/hono 391ms (cache miss)
237 silly packumentCache full:https://registry.npmjs.org/hono set size:undefined disposed:false
238 silly fetch manifest generate-function@^2.3.1
239 silly packumentCache full:https://registry.npmjs.org/generate-function cache-miss
240 http fetch GET 200 https://registry.npmjs.org/effect 443ms (cache miss)
241 silly packumentCache full:https://registry.npmjs.org/effect set size:undefined disposed:false
242 silly fetch manifest named-placeholders@^1.1.3
243 silly packumentCache full:https://registry.npmjs.org/named-placeholders cache-miss
244 http fetch GET 200 https://registry.npmjs.org/lru.min 259ms (cache miss)
245 silly packumentCache full:https://registry.npmjs.org/lru.min set size:undefined disposed:false
246 http fetch GET 200 https://registry.npmjs.org/pathe 536ms (cache miss)
247 silly packumentCache full:https://registry.npmjs.org/pathe set size:undefined disposed:false
248 http fetch GET 200 https://registry.npmjs.org/@electric-sql%2fpglite-tools 478ms (cache miss)
249 silly packumentCache full:https://registry.npmjs.org/@electric-sql%2fpglite-tools set size:undefined disposed:false
250 http fetch GET 200 https://registry.npmjs.org/@prisma%2fstreams-local 580ms (cache miss)
251 silly packumentCache full:https://registry.npmjs.org/@prisma%2fstreams-local set size:undefined disposed:false
252 http fetch GET 200 https://registry.npmjs.org/seq-queue 269ms (cache miss)
253 silly packumentCache full:https://registry.npmjs.org/seq-queue set size:undefined disposed:false
254 http fetch GET 200 https://registry.npmjs.org/sqlstring 268ms (cache miss)
255 silly packumentCache full:https://registry.npmjs.org/sqlstring set size:undefined disposed:false
256 http fetch GET 200 https://registry.npmjs.org/aws-ssl-profiles 234ms (cache miss)
257 silly packumentCache full:https://registry.npmjs.org/aws-ssl-profiles set size:undefined disposed:false
258 http fetch GET 200 https://registry.npmjs.org/generate-function 386ms (cache miss)
259 silly packumentCache full:https://registry.npmjs.org/generate-function set size:undefined disposed:false
260 http fetch GET 200 https://registry.npmjs.org/@radix-ui%2freact-toggle 588ms (cache miss)
261 silly packumentCache full:https://registry.npmjs.org/@radix-ui%2freact-toggle set size:undefined disposed:false
262 http fetch GET 200 https://registry.npmjs.org/named-placeholders 302ms (cache miss)
263 silly packumentCache full:https://registry.npmjs.org/named-placeholders set size:undefined disposed:false
264 http fetch GET 200 https://registry.npmjs.org/@electric-sql%2fpglite-socket 883ms (cache miss)
265 silly packumentCache full:https://registry.npmjs.org/@electric-sql%2fpglite-socket set size:undefined disposed:false
266 http fetch GET 200 https://registry.npmjs.org/@prisma%2fquery-plan-executor 1071ms (cache miss)
267 silly packumentCache full:https://registry.npmjs.org/@prisma%2fquery-plan-executor set size:undefined disposed:false
268 http fetch GET 200 https://registry.npmjs.org/@prisma%2ffetch-engine 2319ms (cache miss)
269 silly packumentCache full:https://registry.npmjs.org/@prisma%2ffetch-engine set size:undefined disposed:false
270 http fetch GET 200 https://registry.npmjs.org/@prisma%2fengines-version 2786ms (cache miss)
271 silly packumentCache full:https://registry.npmjs.org/@prisma%2fengines-version set size:undefined disposed:false
272 http fetch GET 200 https://registry.npmjs.org/@prisma%2fget-platform 2920ms (cache miss)
273 silly packumentCache full:https://registry.npmjs.org/@prisma%2fget-platform set size:undefined disposed:false
274 http fetch GET 200 https://registry.npmjs.org/@prisma%2fget-platform 3931ms (cache miss)
275 silly packumentCache full:https://registry.npmjs.org/@prisma%2fget-platform set size:undefined disposed:false
276 http fetch GET 200 https://registry.npmjs.org/@prisma%2fdebug 3977ms (cache miss)
277 silly packumentCache full:https://registry.npmjs.org/@prisma%2fdebug set size:undefined disposed:false
278 silly fetch manifest magicast@*
279 silly packumentCache full:https://registry.npmjs.org/magicast cache-miss
280 http fetch GET 200 https://registry.npmjs.org/magicast 276ms (cache miss)
281 silly packumentCache full:https://registry.npmjs.org/magicast set size:undefined disposed:false
282 silly placeDep ROOT c12@3.3.4 OK for: @prisma/config@7.8.0 want: 3.3.4
283 silly placeDep ROOT deepmerge-ts@7.1.5 OK for: @prisma/config@7.8.0 want: 7.1.5
284 silly placeDep ROOT effect@3.20.0 OK for: @prisma/config@7.8.0 want: 3.20.0
285 silly placeDep ROOT empathic@2.0.0 OK for: @prisma/config@7.8.0 want: 2.0.0
286 silly fetch manifest chokidar@^5.0.0
287 silly packumentCache full:https://registry.npmjs.org/chokidar cache-miss
288 silly fetch manifest confbox@^0.2.4
289 silly packumentCache full:https://registry.npmjs.org/confbox cache-miss
290 silly fetch manifest defu@^6.1.6
291 silly packumentCache full:https://registry.npmjs.org/defu cache-miss
292 silly fetch manifest dotenv@^17.3.1
293 silly packumentCache full:https://registry.npmjs.org/dotenv cache-miss
294 silly fetch manifest exsolve@^1.0.8
295 silly packumentCache full:https://registry.npmjs.org/exsolve cache-miss
296 silly fetch manifest giget@^3.2.0
297 silly packumentCache full:https://registry.npmjs.org/giget cache-miss
298 silly fetch manifest jiti@^2.6.1
299 silly packumentCache full:https://registry.npmjs.org/jiti cache-miss
300 silly fetch manifest ohash@^2.0.11
301 silly packumentCache full:https://registry.npmjs.org/ohash cache-miss
302 silly fetch manifest pathe@^2.0.3
303 silly packumentCache full:https://registry.npmjs.org/pathe cache-miss
304 silly fetch manifest perfect-debounce@^2.1.0
305 silly packumentCache full:https://registry.npmjs.org/perfect-debounce cache-miss
306 silly fetch manifest pkg-types@^2.3.0
307 silly packumentCache full:https://registry.npmjs.org/pkg-types cache-miss
308 silly fetch manifest rc9@^3.0.1
309 silly packumentCache full:https://registry.npmjs.org/rc9 cache-miss
310 silly fetch manifest fast-check@^3.23.1
311 silly packumentCache full:https://registry.npmjs.org/fast-check cache-miss
312 silly fetch manifest @standard-schema/spec@^1.0.0
313 silly packumentCache full:https://registry.npmjs.org/@standard-schema%2fspec cache-miss
314 http cache https://registry.npmjs.org/pathe 34ms (cache hit)
315 silly packumentCache full:https://registry.npmjs.org/pathe set size:68788 disposed:false
316 http cache https://registry.npmjs.org/chokidar 40ms (cache hit)
317 silly packumentCache full:https://registry.npmjs.org/chokidar set size:255902 disposed:false
318 http cache https://registry.npmjs.org/jiti 41ms (cache hit)
319 silly packumentCache full:https://registry.npmjs.org/jiti set size:382310 disposed:false
320 http fetch GET 200 https://registry.npmjs.org/confbox 72ms (cache miss)
321 silly packumentCache full:https://registry.npmjs.org/confbox set size:undefined disposed:false
322 http fetch GET 200 https://registry.npmjs.org/rc9 71ms (cache miss)
323 silly packumentCache full:https://registry.npmjs.org/rc9 set size:undefined disposed:false
324 http fetch GET 200 https://registry.npmjs.org/ohash 75ms (cache miss)
325 silly packumentCache full:https://registry.npmjs.org/ohash set size:undefined disposed:false
326 http fetch GET 200 https://registry.npmjs.org/giget 77ms (cache miss)
327 silly packumentCache full:https://registry.npmjs.org/giget set size:undefined disposed:false
328 http fetch GET 200 https://registry.npmjs.org/pkg-types 78ms (cache miss)
329 silly packumentCache full:https://registry.npmjs.org/pkg-types set size:undefined disposed:false
330 http fetch GET 200 https://registry.npmjs.org/dotenv 91ms (cache miss)
331 silly packumentCache full:https://registry.npmjs.org/dotenv set size:undefined disposed:false
332 http fetch GET 200 https://registry.npmjs.org/@standard-schema%2fspec 97ms (cache miss)
333 silly packumentCache full:https://registry.npmjs.org/@standard-schema%2fspec set size:undefined disposed:false
334 http fetch GET 200 https://registry.npmjs.org/defu 211ms (cache miss)
335 silly packumentCache full:https://registry.npmjs.org/defu set size:undefined disposed:false
336 http fetch GET 200 https://registry.npmjs.org/perfect-debounce 241ms (cache miss)
337 silly packumentCache full:https://registry.npmjs.org/perfect-debounce set size:undefined disposed:false
338 http fetch GET 200 https://registry.npmjs.org/exsolve 255ms (cache miss)
339 silly packumentCache full:https://registry.npmjs.org/exsolve set size:undefined disposed:false
340 http fetch GET 200 https://registry.npmjs.org/fast-check 288ms (cache miss)
341 silly packumentCache full:https://registry.npmjs.org/fast-check set size:undefined disposed:false
342 silly fetch manifest typescript@>=5
343 silly packumentCache full:https://registry.npmjs.org/typescript cache-miss
344 http cache https://registry.npmjs.org/typescript 49ms (cache hit)
345 silly packumentCache full:https://registry.npmjs.org/typescript set size:15409943 disposed:false
346 silly placeDep ROOT @electric-sql/pglite@0.4.1 OK for: @prisma/dev@0.24.3 want: 0.4.1
347 silly placeDep ROOT @electric-sql/pglite-socket@0.1.1 OK for: @prisma/dev@0.24.3 want: 0.1.1
348 silly placeDep ROOT @electric-sql/pglite-tools@0.3.1 OK for: @prisma/dev@0.24.3 want: 0.3.1
349 silly placeDep ROOT @hono/node-server@1.19.11 OK for: @prisma/dev@0.24.3 want: 1.19.11
350 silly placeDep ROOT hono@4.12.16 OK for: @hono/node-server@1.19.11 want: ^4
351 silly placeDep ROOT @prisma/get-platform@7.2.0 OK for: @prisma/dev@0.24.3 want: 7.2.0
352 silly placeDep ROOT @prisma/query-plan-executor@7.2.0 OK for: @prisma/dev@0.24.3 want: 7.2.0
353 silly placeDep ROOT @prisma/streams-local@0.1.2 OK for: @prisma/dev@0.24.3 want: 0.1.2
354 silly placeDep ROOT get-port-please@3.2.0 OK for: @prisma/dev@0.24.3 want: 3.2.0
355 silly placeDep ROOT http-status-codes@2.3.0 OK for: @prisma/dev@0.24.3 want: 2.3.0
356 silly placeDep ROOT pathe@2.0.3 OK for: @prisma/dev@0.24.3 want: 2.0.3
357 silly placeDep ROOT proper-lockfile@4.1.2 OK for: @prisma/dev@0.24.3 want: 4.1.2
358 silly placeDep ROOT remeda@2.33.4 OK for: @prisma/dev@0.24.3 want: 2.33.4
359 silly placeDep ROOT std-env@3.10.0 OK for: @prisma/dev@0.24.3 want: 3.10.0
360 silly placeDep ROOT valibot@1.2.0 OK for: @prisma/dev@0.24.3 want: 1.2.0
361 silly placeDep ROOT zeptomatch@2.1.0 OK for: @prisma/dev@0.24.3 want: 2.1.0
362 silly fetch manifest @prisma/debug@7.2.0
363 silly packumentCache full:https://registry.npmjs.org/@prisma%2fdebug cache-miss
364 silly fetch manifest ajv@^8.12.0
365 silly packumentCache full:https://registry.npmjs.org/ajv cache-miss
366 silly fetch manifest env-paths@^3.0.0
367 silly packumentCache full:https://registry.npmjs.org/env-paths cache-miss
368 silly fetch manifest better-result@^2.7.0
369 silly packumentCache full:https://registry.npmjs.org/better-result cache-miss
370 silly fetch manifest proper-lockfile@^4.1.2
371 silly packumentCache full:https://registry.npmjs.org/proper-lockfile cache-miss
372 silly fetch manifest retry@^0.12.0
373 silly packumentCache full:https://registry.npmjs.org/retry cache-miss
374 silly fetch manifest signal-exit@^3.0.2
375 silly packumentCache full:https://registry.npmjs.org/signal-exit cache-miss
376 silly fetch manifest grammex@^3.1.11
377 silly packumentCache full:https://registry.npmjs.org/grammex cache-miss
378 silly fetch manifest graphmatch@^1.1.0
379 silly packumentCache full:https://registry.npmjs.org/graphmatch cache-miss
380 http cache https://registry.npmjs.org/proper-lockfile 61ms (cache hit)
381 silly packumentCache full:https://registry.npmjs.org/proper-lockfile set size:82421 disposed:false
382 http cache https://registry.npmjs.org/signal-exit 75ms (cache hit)
383 silly packumentCache full:https://registry.npmjs.org/signal-exit set size:53489 disposed:false
384 http cache https://registry.npmjs.org/ajv 84ms (cache hit)
385 silly packumentCache full:https://registry.npmjs.org/ajv set size:1142658 disposed:false
386 http cache https://registry.npmjs.org/@prisma%2fdebug 185ms (cache hit)
387 silly packumentCache full:https://registry.npmjs.org/@prisma%2fdebug set size:28700336 disposed:false
388 http fetch GET 200 https://registry.npmjs.org/env-paths 419ms (cache miss)
389 silly packumentCache full:https://registry.npmjs.org/env-paths set size:undefined disposed:false
390 http fetch GET 200 https://registry.npmjs.org/retry 425ms (cache miss)
391 silly packumentCache full:https://registry.npmjs.org/retry set size:undefined disposed:false
392 http fetch GET 200 https://registry.npmjs.org/graphmatch 430ms (cache miss)
393 silly packumentCache full:https://registry.npmjs.org/graphmatch set size:undefined disposed:false
394 http fetch GET 200 https://registry.npmjs.org/better-result 435ms (cache miss)
395 silly packumentCache full:https://registry.npmjs.org/better-result set size:undefined disposed:false
396 http fetch GET 200 https://registry.npmjs.org/grammex 439ms (cache miss)
397 silly packumentCache full:https://registry.npmjs.org/grammex set size:undefined disposed:false
398 silly placeDep ROOT @prisma/debug@7.8.0 OK for: @prisma/engines@7.8.0 want: 7.8.0
399 silly placeDep ROOT @prisma/engines-version@7.8.0-6.3c6e192761c0362d496ed980de936e2f3cebcd3a OK for: @prisma/engines@7.8.0 want: 7.8.0-6.3c6e192761c0362d496ed980de936e2f3cebcd3a
400 silly placeDep ROOT @prisma/fetch-engine@7.8.0 OK for: @prisma/engines@7.8.0 want: 7.8.0
401 silly placeDep node_modules/@prisma/engines @prisma/get-platform@7.8.0 OK for: @prisma/engines@7.8.0 want: 7.8.0
402 silly placeDep node_modules/@prisma/fetch-engine @prisma/get-platform@7.8.0 OK for: @prisma/fetch-engine@7.8.0 want: 7.8.0
403 silly placeDep node_modules/@prisma/get-platform @prisma/debug@7.2.0 OK for: @prisma/get-platform@7.2.0 want: 7.2.0
404 silly placeDep node_modules/@prisma/streams-local ajv@8.20.0 OK for: @prisma/streams-local@0.1.2 want: ^8.12.0
405 silly placeDep ROOT better-result@2.9.2 OK for: @prisma/streams-local@0.1.2 want: ^2.7.0
406 silly placeDep ROOT env-paths@3.0.0 OK for: @prisma/streams-local@0.1.2 want: ^3.0.0
407 silly fetch manifest fast-uri@^3.0.1
408 silly packumentCache full:https://registry.npmjs.org/fast-uri cache-miss
409 silly fetch manifest json-schema-traverse@^1.0.0
410 silly packumentCache full:https://registry.npmjs.org/json-schema-traverse cache-miss
411 silly fetch manifest require-from-string@^2.0.2
412 silly packumentCache full:https://registry.npmjs.org/require-from-string cache-miss
413 http cache https://registry.npmjs.org/json-schema-traverse 20ms (cache hit)
414 silly packumentCache full:https://registry.npmjs.org/json-schema-traverse set size:23537 disposed:false
415 http fetch GET 200 https://registry.npmjs.org/fast-uri 66ms (cache miss)
416 silly packumentCache full:https://registry.npmjs.org/fast-uri set size:undefined disposed:false
417 http fetch GET 200 https://registry.npmjs.org/require-from-string 67ms (cache miss)
418 silly packumentCache full:https://registry.npmjs.org/require-from-string set size:undefined disposed:false
419 silly fetch manifest @types/react-dom@*
420 silly packumentCache full:https://registry.npmjs.org/@types%2freact-dom cache-miss
421 http cache https://registry.npmjs.org/@types%2freact-dom 12ms (cache hit)
422 silly packumentCache full:https://registry.npmjs.org/@types%2freact-dom set size:429026 disposed:false
423 silly placeDep node_modules/@prisma/studio-core @radix-ui/react-toggle@1.1.10 CONFLICT for: @prisma/studio-core@0.27.3 want: 1.1.10
424 silly placeDep ROOT chart.js@4.5.1 OK for: @prisma/studio-core@0.27.3 want: 4.5.1
425 silly fetch manifest @radix-ui/primitive@1.1.3
426 silly packumentCache full:https://registry.npmjs.org/@radix-ui%2fprimitive cache-miss
427 silly fetch manifest @radix-ui/react-primitive@2.1.3
428 silly packumentCache full:https://registry.npmjs.org/@radix-ui%2freact-primitive cache-miss
429 silly fetch manifest @radix-ui/react-use-controllable-state@1.2.2
430 silly packumentCache full:https://registry.npmjs.org/@radix-ui%2freact-use-controllable-state cache-miss
431 silly fetch manifest @kurkle/color@^0.3.0
432 silly packumentCache full:https://registry.npmjs.org/@kurkle%2fcolor cache-miss
433 http fetch GET 200 https://registry.npmjs.org/@radix-ui%2freact-primitive 93ms (cache miss)
434 silly packumentCache full:https://registry.npmjs.org/@radix-ui%2freact-primitive set size:undefined disposed:false
435 http fetch GET 200 https://registry.npmjs.org/@kurkle%2fcolor 386ms (cache miss)
436 silly packumentCache full:https://registry.npmjs.org/@kurkle%2fcolor set size:undefined disposed:false
437 http fetch GET 200 https://registry.npmjs.org/@radix-ui%2freact-use-controllable-state 569ms (cache miss)
438 silly packumentCache full:https://registry.npmjs.org/@radix-ui%2freact-use-controllable-state set size:undefined disposed:false
439 http fetch GET 200 https://registry.npmjs.org/@radix-ui%2fprimitive 1095ms (cache miss)
440 silly packumentCache full:https://registry.npmjs.org/@radix-ui%2fprimitive set size:undefined disposed:false
441 silly placeDep node_modules/c12 chokidar@5.0.0 OK for: c12@3.3.4 want: ^5.0.0
442 silly placeDep ROOT confbox@0.2.4 OK for: c12@3.3.4 want: ^0.2.4
443 silly placeDep ROOT defu@6.1.7 OK for: c12@3.3.4 want: ^6.1.6
444 silly placeDep ROOT dotenv@17.4.2 OK for: c12@3.3.4 want: ^17.3.1
445 silly placeDep ROOT exsolve@1.0.8 OK for: c12@3.3.4 want: ^1.0.8
446 silly placeDep ROOT giget@3.2.0 OK for: c12@3.3.4 want: ^3.2.0
447 silly placeDep node_modules/c12 jiti@2.6.1 OK for: c12@3.3.4 want: ^2.6.1
448 silly placeDep ROOT ohash@2.0.11 OK for: c12@3.3.4 want: ^2.0.11
449 silly placeDep ROOT perfect-debounce@2.1.0 OK for: c12@3.3.4 want: ^2.1.0
450 silly placeDep ROOT pkg-types@2.3.1 OK for: c12@3.3.4 want: ^2.3.0
451 silly placeDep ROOT rc9@3.0.1 OK for: c12@3.3.4 want: ^3.0.1
452 silly fetch manifest readdirp@^5.0.0
453 silly packumentCache full:https://registry.npmjs.org/readdirp cache-miss
454 silly fetch manifest destr@^2.0.5
455 silly packumentCache full:https://registry.npmjs.org/destr cache-miss
456 http cache https://registry.npmjs.org/readdirp 11ms (cache hit)
457 silly packumentCache full:https://registry.npmjs.org/readdirp set size:107589 disposed:false
458 http fetch GET 200 https://registry.npmjs.org/destr 218ms (cache miss)
459 silly packumentCache full:https://registry.npmjs.org/destr set size:undefined disposed:false
460 silly placeDep ROOT @kurkle/color@0.3.4 OK for: chart.js@4.5.1 want: ^0.3.0
461 silly placeDep ROOT @standard-schema/spec@1.1.0 OK for: effect@3.20.0 want: ^1.0.0
462 silly placeDep ROOT fast-check@3.23.2 OK for: effect@3.20.0 want: ^3.23.1
463 silly fetch manifest pure-rand@^6.1.0
464 silly packumentCache full:https://registry.npmjs.org/pure-rand cache-miss
465 http fetch GET 200 https://registry.npmjs.org/pure-rand 56ms (cache miss)
466 silly packumentCache full:https://registry.npmjs.org/pure-rand set size:undefined disposed:false
467 silly placeDep ROOT pure-rand@6.1.0 OK for: fast-check@3.23.2 want: ^6.1.0
468 silly placeDep ROOT aws-ssl-profiles@1.1.2 OK for: mysql2@3.15.3 want: ^1.1.1
469 silly placeDep ROOT denque@2.1.0 OK for: mysql2@3.15.3 want: ^2.1.0
470 silly placeDep ROOT generate-function@2.3.1 OK for: mysql2@3.15.3 want: ^2.3.1
471 silly placeDep ROOT iconv-lite@0.7.2 OK for: mysql2@3.15.3 want: ^0.7.0
472 silly placeDep ROOT long@5.3.2 OK for: mysql2@3.15.3 want: ^5.2.1
473 silly placeDep ROOT lru.min@1.1.4 OK for: mysql2@3.15.3 want: ^1.0.0
474 silly placeDep ROOT named-placeholders@1.1.6 OK for: mysql2@3.15.3 want: ^1.1.3
475 silly placeDep ROOT seq-queue@0.0.5 OK for: mysql2@3.15.3 want: ^0.0.5
476 silly placeDep ROOT sqlstring@2.3.3 OK for: mysql2@3.15.3 want: ^2.3.2
477 silly fetch manifest is-property@^1.0.2
478 silly packumentCache full:https://registry.npmjs.org/is-property cache-miss
479 silly fetch manifest safer-buffer@>= 2.1.2 < 3.0.0
480 silly packumentCache full:https://registry.npmjs.org/safer-buffer cache-miss
481 http fetch GET 200 https://registry.npmjs.org/safer-buffer 52ms (cache miss)
482 silly packumentCache full:https://registry.npmjs.org/safer-buffer set size:undefined disposed:false
483 http fetch GET 200 https://registry.npmjs.org/is-property 70ms (cache miss)
484 silly packumentCache full:https://registry.npmjs.org/is-property set size:undefined disposed:false
485 silly placeDep ROOT is-property@1.0.2 OK for: generate-function@2.3.1 want: ^1.0.2
486 silly placeDep ROOT safer-buffer@2.1.2 OK for: iconv-lite@0.7.2 want: >= 2.1.2 < 3.0.0
487 silly placeDep ROOT retry@0.12.0 OK for: proper-lockfile@4.1.2 want: ^0.12.0
488 silly placeDep node_modules/proper-lockfile signal-exit@3.0.7 OK for: proper-lockfile@4.1.2 want: ^3.0.2
489 silly placeDep ROOT destr@2.0.5 OK for: rc9@3.0.1 want: ^2.0.5
490 silly placeDep ROOT @cspotcode/source-map-support@0.8.1 OK for: ts-node@10.9.2 want: ^0.8.0
491 silly placeDep ROOT @tsconfig/node10@1.0.12 OK for: ts-node@10.9.2 want: ^1.0.7
492 silly placeDep ROOT @tsconfig/node12@1.0.11 OK for: ts-node@10.9.2 want: ^1.0.7
493 silly placeDep ROOT @tsconfig/node14@1.0.3 OK for: ts-node@10.9.2 want: ^1.0.0
494 silly placeDep ROOT @tsconfig/node16@1.0.4 OK for: ts-node@10.9.2 want: ^1.0.2
495 silly placeDep ROOT acorn-walk@8.3.5 OK for: ts-node@10.9.2 want: ^8.1.1
496 silly placeDep node_modules/ts-node arg@4.1.3 OK for: ts-node@10.9.2 want: ^4.1.0
497 silly placeDep ROOT create-require@1.1.1 OK for: ts-node@10.9.2 want: ^1.1.0
498 silly placeDep ROOT diff@4.0.4 OK for: ts-node@10.9.2 want: ^4.0.1
499 silly placeDep ROOT make-error@1.3.6 OK for: ts-node@10.9.2 want: ^1.1.1
500 silly placeDep ROOT v8-compile-cache-lib@3.0.1 OK for: ts-node@10.9.2 want: ^3.0.1
501 silly placeDep ROOT yn@3.1.1 OK for: ts-node@10.9.2 want: 3.1.1
502 silly fetch manifest @jridgewell/trace-mapping@0.3.9
503 silly packumentCache full:https://registry.npmjs.org/@jridgewell%2ftrace-mapping cache-miss
504 http cache https://registry.npmjs.org/@jridgewell%2ftrace-mapping 8ms (cache hit)
505 silly packumentCache full:https://registry.npmjs.org/@jridgewell%2ftrace-mapping set size:170909 disposed:false
506 silly placeDep node_modules/@cspotcode/source-map-support @jridgewell/trace-mapping@0.3.9 OK for: @cspotcode/source-map-support@0.8.1 want: 0.3.9
507 silly placeDep ROOT grammex@3.1.12 OK for: zeptomatch@2.1.0 want: ^3.1.11
508 silly placeDep ROOT graphmatch@1.1.1 OK for: zeptomatch@2.1.0 want: ^1.1.0
509 silly placeDep ROOT fast-uri@3.1.0 OK for: ajv@8.20.0 want: ^3.0.1
510 silly placeDep node_modules/@prisma/streams-local json-schema-traverse@1.0.0 OK for: ajv@8.20.0 want: ^1.0.0
511 silly placeDep ROOT require-from-string@2.0.2 OK for: ajv@8.20.0 want: ^2.0.2
512 silly fetch manifest @types/react@*
513 silly packumentCache full:https://registry.npmjs.org/@types%2freact cache-miss
514 http cache https://registry.npmjs.org/@types%2freact 13ms (cache hit)
515 silly packumentCache full:https://registry.npmjs.org/@types%2freact set size:2588964 disposed:false
516 silly fetch manifest react@^16.8 || ^17.0 || ^18.0 || ^19.0 || ^19.0.0-rc
517 silly packumentCache full:https://registry.npmjs.org/react cache-miss
518 http cache https://registry.npmjs.org/react 23ms (cache hit)
519 silly packumentCache full:https://registry.npmjs.org/react set size:6633619 disposed:false
520 silly fetch manifest react-dom@^16.8 || ^17.0 || ^18.0 || ^19.0 || ^19.0.0-rc
521 silly packumentCache full:https://registry.npmjs.org/react-dom cache-miss
522 http cache https://registry.npmjs.org/react-dom 44ms (cache hit)
523 silly packumentCache full:https://registry.npmjs.org/react-dom set size:8839555 disposed:false
524 silly placeDep ROOT @radix-ui/primitive@1.1.3 OK for: @radix-ui/react-toggle@1.1.10 want: 1.1.3
525 silly placeDep node_modules/@prisma/studio-core/node_modules/@radix-ui/react-toggle @radix-ui/react-primitive@2.1.3 CONFLICT for: @radix-ui/react-toggle@1.1.10 want: 2.1.3
526 silly placeDep ROOT @radix-ui/react-use-controllable-state@1.2.2 OK for: @radix-ui/react-toggle@1.1.10 want: 1.2.2
527 silly fetch manifest @radix-ui/react-slot@1.2.3
528 silly packumentCache full:https://registry.npmjs.org/@radix-ui%2freact-slot cache-miss
529 silly fetch manifest @radix-ui/react-use-effect-event@0.0.2
530 silly packumentCache full:https://registry.npmjs.org/@radix-ui%2freact-use-effect-event cache-miss
531 silly fetch manifest @radix-ui/react-use-layout-effect@1.1.1
532 silly packumentCache full:https://registry.npmjs.org/@radix-ui%2freact-use-layout-effect cache-miss
533 http fetch GET 200 https://registry.npmjs.org/@radix-ui%2freact-slot 91ms (cache miss)
534 silly packumentCache full:https://registry.npmjs.org/@radix-ui%2freact-slot set size:undefined disposed:false
535 http fetch GET 200 https://registry.npmjs.org/@radix-ui%2freact-use-effect-event 259ms (cache miss)
536 silly packumentCache full:https://registry.npmjs.org/@radix-ui%2freact-use-effect-event set size:undefined disposed:false
537 http fetch GET 200 https://registry.npmjs.org/@radix-ui%2freact-use-layout-effect 263ms (cache miss)
538 silly packumentCache full:https://registry.npmjs.org/@radix-ui%2freact-use-layout-effect set size:undefined disposed:false
539 silly placeDep ROOT @radix-ui/react-use-effect-event@0.0.2 OK for: @radix-ui/react-use-controllable-state@1.2.2 want: 0.0.2
540 silly placeDep ROOT @radix-ui/react-use-layout-effect@1.1.1 OK for: @radix-ui/react-use-controllable-state@1.2.2 want: 1.1.1
541 silly placeDep node_modules/c12 readdirp@5.0.0 OK for: chokidar@5.0.0 want: ^5.0.0
542 silly placeDep ROOT @radix-ui/react-slot@1.2.3 OK for: @radix-ui/react-primitive@2.1.3 want: 1.2.3
543 silly fetch manifest @radix-ui/react-compose-refs@1.1.2
544 silly packumentCache full:https://registry.npmjs.org/@radix-ui%2freact-compose-refs cache-miss
545 http fetch GET 200 https://registry.npmjs.org/@radix-ui%2freact-compose-refs 77ms (cache miss)
546 silly packumentCache full:https://registry.npmjs.org/@radix-ui%2freact-compose-refs set size:undefined disposed:false
547 silly placeDep ROOT @radix-ui/react-compose-refs@1.1.2 OK for: @radix-ui/react-slot@1.2.3 want: 1.1.2
548 silly reify moves {}
549 silly audit bulk request {
549 silly audit   '@alloc/quick-lru': [ '5.2.0' ],
549 silly audit   '@emnapi/core': [ '1.10.0' ],
549 silly audit   '@emnapi/runtime': [ '1.10.0' ],
549 silly audit   '@emnapi/wasi-threads': [ '1.2.1' ],
549 silly audit   '@eslint-community/eslint-utils': [ '4.9.1' ],
549 silly audit   '@eslint-community/regexpp': [ '4.12.2' ],
549 silly audit   '@eslint/eslintrc': [ '2.1.4' ],
549 silly audit   '@eslint/js': [ '8.57.1' ],
549 silly audit   '@humanwhocodes/config-array': [ '0.13.0' ],
549 silly audit   '@humanwhocodes/module-importer': [ '1.0.1' ],
549 silly audit   '@humanwhocodes/object-schema': [ '2.0.3' ],
549 silly audit   '@isaacs/cliui': [ '8.0.2' ],
549 silly audit   'ansi-regex': [ '6.2.2', '5.0.1' ],
549 silly audit   'strip-ansi': [ '7.2.0', '6.0.1' ],
549 silly audit   '@jridgewell/gen-mapping': [ '0.3.13' ],
549 silly audit   '@jridgewell/resolve-uri': [ '3.1.2' ],
549 silly audit   '@jridgewell/sourcemap-codec': [ '1.5.5' ],
549 silly audit   '@jridgewell/trace-mapping': [ '0.3.31', '0.3.9' ],
549 silly audit   '@napi-rs/wasm-runtime': [ '0.2.12' ],
549 silly audit   '@next/env': [ '14.2.35' ],
549 silly audit   '@next/eslint-plugin-next': [ '14.2.35' ],
549 silly audit   '@next/swc-darwin-arm64': [ '14.2.33' ],
549 silly audit   '@next/swc-darwin-x64': [ '14.2.33' ],
549 silly audit   '@next/swc-linux-arm64-gnu': [ '14.2.33' ],
549 silly audit   '@next/swc-linux-arm64-musl': [ '14.2.33' ],
549 silly audit   '@next/swc-linux-x64-gnu': [ '14.2.33' ],
549 silly audit   '@next/swc-linux-x64-musl': [ '14.2.33' ],
549 silly audit   '@next/swc-win32-arm64-msvc': [ '14.2.33' ],
549 silly audit   '@next/swc-win32-ia32-msvc': [ '14.2.33' ],
549 silly audit   '@next/swc-win32-x64-msvc': [ '14.2.33' ],
549 silly audit   '@nodelib/fs.scandir': [ '2.1.5' ],
549 silly audit   '@nodelib/fs.stat': [ '2.0.5' ],
549 silly audit   '@nodelib/fs.walk': [ '1.2.8' ],
549 silly audit   '@nolyfill/is-core-module': [ '1.0.39' ],
549 silly audit   '@pkgjs/parseargs': [ '0.11.0' ],
549 silly audit   '@prisma/client': [ '7.8.0' ],
549 silly audit   '@prisma/client-runtime-utils': [ '7.8.0' ],
549 silly audit   '@rtsao/scc': [ '1.1.0' ],
549 silly audit   '@rushstack/eslint-patch': [ '1.16.1' ],
549 silly audit   '@swc/counter': [ '0.1.3' ],
549 silly audit   '@swc/helpers': [ '0.5.5' ],
549 silly audit   '@tybys/wasm-util': [ '0.10.2' ],
549 silly audit   '@types/json5': [ '0.0.29' ],
549 silly audit   '@types/node': [ '20.19.39' ],
549 silly audit   '@types/prop-types': [ '15.7.15' ],
549 silly audit   '@types/react': [ '18.3.28' ],
549 silly audit   '@types/react-dom': [ '18.3.7' ],
549 silly audit   '@typescript-eslint/eslint-plugin': [ '8.59.1' ],
549 silly audit   ignore: [ '7.0.5', '5.3.2' ],
549 silly audit   '@typescript-eslint/parser': [ '8.59.1' ],
549 silly audit   '@typescript-eslint/project-service': [ '8.59.1' ],
549 silly audit   '@typescript-eslint/scope-manager': [ '8.59.1' ],
549 silly audit   '@typescript-eslint/tsconfig-utils': [ '8.59.1' ],
549 silly audit   '@typescript-eslint/type-utils': [ '8.59.1' ],
549 silly audit   '@typescript-eslint/types': [ '8.59.1' ],
549 silly audit   '@typescript-eslint/typescript-estree': [ '8.59.1' ],
549 silly audit   'balanced-match': [ '4.0.4', '1.0.2' ],
549 silly audit   'brace-expansion': [ '5.0.5', '1.1.14', '2.1.0' ],
549 silly audit   minimatch: [ '10.2.5', '9.0.9', '3.1.5' ],
549 silly audit   '@typescript-eslint/utils': [ '8.59.1' ],
549 silly audit   '@typescript-eslint/visitor-keys': [ '8.59.1' ],
549 silly audit   'eslint-visitor-keys': [ '5.0.1', '3.4.3' ],
549 silly audit   '@ungap/structured-clone': [ '1.3.0' ],
549 silly audit   '@unrs/resolver-binding-android-arm-eabi': [ '1.11.1' ],
549 silly audit   '@unrs/resolver-binding-android-arm64': [ '1.11.1' ],
549 silly audit   '@unrs/resolver-binding-darwin-arm64': [ '1.11.1' ],
549 silly audit   '@unrs/resolver-binding-darwin-x64': [ '1.11.1' ],
549 silly audit   '@unrs/resolver-binding-freebsd-x64': [ '1.11.1' ],
549 silly audit   '@unrs/resolver-binding-linux-arm-gnueabihf': [ '1.11.1' ],
549 silly audit   '@unrs/resolver-binding-linux-arm-musleabihf': [ '1.11.1' ],
549 silly audit   '@unrs/resolver-binding-linux-arm64-gnu': [ '1.11.1' ],
549 silly audit   '@unrs/resolver-binding-linux-arm64-musl': [ '1.11.1' ],
549 silly audit   '@unrs/resolver-binding-linux-ppc64-gnu': [ '1.11.1' ],
549 silly audit   '@unrs/resolver-binding-linux-riscv64-gnu': [ '1.11.1' ],
549 silly audit   '@unrs/resolver-binding-linux-riscv64-musl': [ '1.11.1' ],
549 silly audit   '@unrs/resolver-binding-linux-s390x-gnu': [ '1.11.1' ],
549 silly audit   '@unrs/resolver-binding-linux-x64-gnu': [ '1.11.1' ],
549 silly audit   '@unrs/resolver-binding-linux-x64-musl': [ '1.11.1' ],
549 silly audit   '@unrs/resolver-binding-wasm32-wasi': [ '1.11.1' ],
549 silly audit   '@unrs/resolver-binding-win32-arm64-msvc': [ '1.11.1' ],
549 silly audit   '@unrs/resolver-binding-win32-ia32-msvc': [ '1.11.1' ],
549 silly audit   '@unrs/resolver-binding-win32-x64-msvc': [ '1.11.1' ],
549 silly audit   acorn: [ '8.16.0' ],
549 silly audit   'acorn-jsx': [ '5.3.2' ],
549 silly audit   ajv: [ '6.15.0', '8.20.0' ],
549 silly audit   'ansi-styles': [ '4.3.0', '6.2.3' ],
549 silly audit   'any-promise': [ '1.3.0' ],
549 silly audit   anymatch: [ '3.1.3' ],
549 silly audit   arg: [ '5.0.2', '4.1.3' ],
549 silly audit   argparse: [ '2.0.1' ],
549 silly audit   'aria-query': [ '5.3.2' ],
549 silly audit   'array-buffer-byte-length': [ '1.0.2' ],
549 silly audit   'array-includes': [ '3.1.9' ],
549 silly audit   'array.prototype.findlast': [ '1.2.5' ],
549 silly audit   'array.prototype.findlastindex': [ '1.2.6' ],
549 silly audit   'array.prototype.flat': [ '1.3.3' ],
549 silly audit   'array.prototype.flatmap': [ '1.3.3' ],
549 silly audit   'array.prototype.tosorted': [ '1.1.4' ],
549 silly audit   'arraybuffer.prototype.slice': [ '1.0.4' ],
549 silly audit   'ast-types-flow': [ '0.0.8' ],
549 silly audit   'async-function': [ '1.0.0' ],
549 silly audit   'available-typed-arrays': [ '1.0.7' ],
549 silly audit   'axe-core': [ '4.11.4' ],
549 silly audit   'axobject-query': [ '4.1.0' ],
549 silly audit   'binary-extensions': [ '2.3.0' ],
549 silly audit   braces: [ '3.0.3' ],
549 silly audit   busboy: [ '1.6.0' ],
549 silly audit   'call-bind': [ '1.0.9' ],
549 silly audit   'call-bind-apply-helpers': [ '1.0.2' ],
549 silly audit   'call-bound': [ '1.0.4' ],
549 silly audit   callsites: [ '3.1.0' ],
549 silly audit   'camelcase-css': [ '2.0.1' ],
549 silly audit   'caniuse-lite': [ '1.0.30001791' ],
549 silly audit   chalk: [ '4.1.2' ],
549 silly audit   chokidar: [ '3.6.0', '5.0.0' ],
549 silly audit   'glob-parent': [ '5.1.2', '6.0.2' ],
549 silly audit   'client-only': [ '0.0.1' ],
549 silly audit   clsx: [ '2.1.1' ],
549 silly audit   'color-convert': [ '2.0.1' ],
549 silly audit   'color-name': [ '1.1.4' ],
549 silly audit   commander: [ '4.1.1' ],
549 silly audit   'concat-map': [ '0.0.1' ],
549 silly audit   'cross-spawn': [ '7.0.6' ],
549 silly audit   cssesc: [ '3.0.0' ],
549 silly audit   csstype: [ '3.2.3' ],
549 silly audit   'damerau-levenshtein': [ '1.0.8' ],
549 silly audit   'data-view-buffer': [ '1.0.2' ],
549 silly audit   'data-view-byte-length': [ '1.0.2' ],
549 silly audit   'data-view-byte-offset': [ '1.0.1' ],
549 silly audit   debug: [ '4.4.3', '3.2.7' ],
549 silly audit   'deep-is': [ '0.1.4' ],
549 silly audit   'define-data-property': [ '1.1.4' ],
549 silly audit   'define-properties': [ '1.2.1' ],
549 silly audit   didyoumean: [ '1.2.2' ],
549 silly audit   dlv: [ '1.1.3' ],
549 silly audit   doctrine: [ '3.0.0', '2.1.0' ],
549 silly audit   'dunder-proto': [ '1.0.1' ],
549 silly audit   eastasianwidth: [ '0.2.0' ],
549 silly audit   'emoji-regex': [ '9.2.2', '8.0.0' ],
549 silly audit   'es-abstract': [ '1.24.2' ],
549 silly audit   'es-define-property': [ '1.0.1' ],
549 silly audit   'es-errors': [ '1.3.0' ],
549 silly audit   'es-iterator-helpers': [ '1.3.2' ],
549 silly audit   'es-object-atoms': [ '1.1.1' ],
549 silly audit   'es-set-tostringtag': [ '2.1.0' ],
549 silly audit   'es-shim-unscopables': [ '1.1.0' ],
549 silly audit   'es-to-primitive': [ '1.3.0' ],
549 silly audit   'escape-string-regexp': [ '4.0.0' ],
549 silly audit   eslint: [ '8.57.1' ],
549 silly audit   'eslint-config-next': [ '14.2.35' ],
549 silly audit   'eslint-import-resolver-node': [ '0.3.10' ],
549 silly audit   'eslint-import-resolver-typescript': [ '3.10.1' ],
549 silly audit   'eslint-module-utils': [ '2.12.1' ],
549 silly audit   'eslint-plugin-import': [ '2.32.0' ],
549 silly audit   semver: [ '6.3.1', '7.7.4' ],
549 silly audit   'eslint-plugin-jsx-a11y': [ '6.10.2' ],
549 silly audit   'eslint-plugin-react': [ '7.37.5' ],
549 silly audit   'eslint-plugin-react-hooks': [ '5.0.0-canary-7118f5dd7-20230705' ],
549 silly audit   'eslint-scope': [ '7.2.2' ],
549 silly audit   espree: [ '9.6.1' ],
549 silly audit   esquery: [ '1.7.0' ],
549 silly audit   esrecurse: [ '4.3.0' ],
549 silly audit   estraverse: [ '5.3.0' ],
549 silly audit   esutils: [ '2.0.3' ],
549 silly audit   'fast-deep-equal': [ '3.1.3' ],
549 silly audit   'fast-glob': [ '3.3.3' ],
549 silly audit   'fast-json-stable-stringify': [ '2.1.0' ],
549 silly audit   'fast-levenshtein': [ '2.0.6' ],
549 silly audit   fastq: [ '1.20.1' ],
549 silly audit   'file-entry-cache': [ '6.0.1' ],
549 silly audit   'fill-range': [ '7.1.1' ],
549 silly audit   'find-up': [ '5.0.0' ],
549 silly audit   'flat-cache': [ '3.2.0' ],
549 silly audit   flatted: [ '3.4.2' ],
549 silly audit   'for-each': [ '0.3.5' ],
549 silly audit   'foreground-child': [ '3.3.1' ],
549 silly audit   'framer-motion': [ '12.38.0' ],
549 silly audit   'fs.realpath': [ '1.0.0' ],
549 silly audit   fsevents: [ '2.3.3' ],
549 silly audit   'function-bind': [ '1.1.2' ],
549 silly audit   'function.prototype.name': [ '1.1.8' ],
549 silly audit   'functions-have-names': [ '1.2.3' ],
549 silly audit   'generator-function': [ '2.0.1' ],
549 silly audit   'get-intrinsic': [ '1.3.0' ],
549 silly audit   'get-proto': [ '1.0.1' ],
549 silly audit   'get-symbol-description': [ '1.1.0' ],
549 silly audit   'get-tsconfig': [ '4.14.0' ],
549 silly audit   glob: [ '10.3.10', '7.2.3' ],
549 silly audit   globals: [ '13.24.0' ],
549 silly audit   globalthis: [ '1.0.4' ],
549 silly audit   gopd: [ '1.2.0' ],
549 silly audit   'graceful-fs': [ '4.2.11' ],
549 silly audit   graphemer: [ '1.4.0' ],
549 silly audit   'has-bigints': [ '1.1.0' ],
549 silly audit   'has-flag': [ '4.0.0' ],
549 silly audit   'has-property-descriptors': [ '1.0.2' ],
549 silly audit   'has-proto': [ '1.2.0' ],
549 silly audit   'has-symbols': [ '1.1.0' ],
549 silly audit   'has-tostringtag': [ '1.0.2' ],
549 silly audit   hasown: [ '2.0.3' ],
549 silly audit   'import-fresh': [ '3.3.1' ],
549 silly audit   imurmurhash: [ '0.1.4' ],
549 silly audit   inflight: [ '1.0.6' ],
549 silly audit   inherits: [ '2.0.4' ],
549 silly audit   'internal-slot': [ '1.1.0' ],
549 silly audit   'is-array-buffer': [ '3.0.5' ],
549 silly audit   'is-async-function': [ '2.1.1' ],
549 silly audit   'is-bigint': [ '1.1.0' ],
549 silly audit   'is-binary-path': [ '2.1.0' ],
549 silly audit   'is-boolean-object': [ '1.2.2' ],
549 silly audit   'is-bun-module': [ '2.0.0' ],
549 silly audit   'is-callable': [ '1.2.7' ],
549 silly audit   'is-core-module': [ '2.16.1' ],
549 silly audit   'is-data-view': [ '1.0.2' ],
549 silly audit   'is-date-object': [ '1.1.0' ],
549 silly audit   'is-extglob': [ '2.1.1' ],
549 silly audit   'is-finalizationregistry': [ '1.1.1' ],
549 silly audit   'is-fullwidth-code-point': [ '3.0.0' ],
549 silly audit   'is-generator-function': [ '1.1.2' ],
549 silly audit   'is-glob': [ '4.0.3' ],
549 silly audit   'is-map': [ '2.0.3' ],
549 silly audit   'is-negative-zero': [ '2.0.3' ],
549 silly audit   'is-number': [ '7.0.0' ],
549 silly audit   'is-number-object': [ '1.1.1' ],
549 silly audit   'is-path-inside': [ '3.0.3' ],
549 silly audit   'is-regex': [ '1.2.1' ],
549 silly audit   'is-set': [ '2.0.3' ],
549 silly audit   'is-shared-array-buffer': [ '1.0.4' ],
549 silly audit   'is-string': [ '1.1.1' ],
549 silly audit   'is-symbol': [ '1.1.1' ],
549 silly audit   'is-typed-array': [ '1.1.15' ],
549 silly audit   'is-weakmap': [ '2.0.2' ],
549 silly audit   'is-weakref': [ '1.1.1' ],
549 silly audit   'is-weakset': [ '2.0.4' ],
549 silly audit   isarray: [ '2.0.5' ],
549 silly audit   isexe: [ '2.0.0' ],
549 silly audit   'iterator.prototype': [ '1.1.5' ],
549 silly audit   jackspeak: [ '2.3.6' ],
549 silly audit   jiti: [ '1.21.7', '2.6.1' ],
549 silly audit   'js-tokens': [ '4.0.0' ],
549 silly audit   'js-yaml': [ '4.1.1' ],
549 silly audit   'json-buffer': [ '3.0.1' ],
549 silly audit   'json-schema-traverse': [ '0.4.1', '1.0.0' ],
549 silly audit   'json-stable-stringify-without-jsonify': [ '1.0.1' ],
549 silly audit   json5: [ '1.0.2' ],
549 silly audit   'jsx-ast-utils': [ '3.3.5' ],
549 silly audit   keyv: [ '4.5.4' ],
549 silly audit   'language-subtag-registry': [ '0.3.23' ],
549 silly audit   'language-tags': [ '1.0.9' ],
549 silly audit   levn: [ '0.4.1' ],
549 silly audit   lilconfig: [ '3.1.3' ],
549 silly audit   'lines-and-columns': [ '1.2.4' ],
549 silly audit   'locate-path': [ '6.0.0' ],
549 silly audit   'lodash.merge': [ '4.6.2' ],
549 silly audit   'loose-envify': [ '1.4.0' ],
549 silly audit   'lru-cache': [ '10.4.3' ],
549 silly audit   'lucide-react': [ '1.14.0' ],
549 silly audit   'math-intrinsics': [ '1.1.0' ],
549 silly audit   merge2: [ '1.4.1' ],
549 silly audit   micromatch: [ '4.0.8' ],
549 silly audit   minimist: [ '1.2.8' ],
549 silly audit   minipass: [ '7.1.3' ],
549 silly audit   'motion-dom': [ '12.38.0' ],
549 silly audit   'motion-utils': [ '12.36.0' ],
549 silly audit   ms: [ '2.1.3' ],
549 silly audit   mz: [ '2.7.0' ],
549 silly audit   nanoid: [ '3.3.12' ],
549 silly audit   'napi-postinstall': [ '0.3.4' ],
549 silly audit   'natural-compare': [ '1.4.0' ],
549 silly audit   next: [ '14.2.35' ],
549 silly audit   postcss: [ '8.4.31', '8.5.13' ],
549 silly audit   'node-exports-info': [ '1.6.0' ],
549 silly audit   'normalize-path': [ '3.0.0' ],
549 silly audit   'object-assign': [ '4.1.1' ],
549 silly audit   'object-hash': [ '3.0.0' ],
549 silly audit   'object-inspect': [ '1.13.4' ],
549 silly audit   'object-keys': [ '1.1.1' ],
549 silly audit   'object.assign': [ '4.1.7' ],
549 silly audit   'object.entries': [ '1.1.9' ],
549 silly audit   'object.fromentries': [ '2.0.8' ],
549 silly audit   'object.groupby': [ '1.0.3' ],
549 silly audit   'object.values': [ '1.2.1' ],
549 silly audit   once: [ '1.4.0' ],
549 silly audit   optionator: [ '0.9.4' ],
549 silly audit   'own-keys': [ '1.0.1' ],
549 silly audit   'p-limit': [ '3.1.0' ],
549 silly audit   'p-locate': [ '5.0.0' ],
549 silly audit   'parent-module': [ '1.0.1' ],
549 silly audit   'path-exists': [ '4.0.0' ],
549 silly audit   'path-is-absolute': [ '1.0.1' ],
549 silly audit   'path-key': [ '3.1.1' ],
549 silly audit   'path-parse': [ '1.0.7' ],
549 silly audit   'path-scurry': [ '1.11.1' ],
549 silly audit   picocolors: [ '1.1.1' ],
549 silly audit   picomatch: [ '2.3.2', '4.0.4' ],
549 silly audit   pify: [ '2.3.0' ],
549 silly audit   pirates: [ '4.0.7' ],
549 silly audit   'possible-typed-array-names': [ '1.1.0' ],
549 silly audit   'postcss-import': [ '15.1.0' ],
549 silly audit   resolve: [ '1.22.12', '2.0.0-next.6' ],
549 silly audit   'postcss-js': [ '4.1.0' ],
549 silly audit   'postcss-load-config': [ '6.0.1' ],
549 silly audit   'postcss-nested': [ '6.2.0' ],
549 silly audit   'postcss-selector-parser': [ '6.1.2' ],
549 silly audit   'postcss-value-parser': [ '4.2.0' ],
549 silly audit   'prelude-ls': [ '1.2.1' ],
549 silly audit   'prop-types': [ '15.8.1' ],
549 silly audit   punycode: [ '2.3.1' ],
549 silly audit   'queue-microtask': [ '1.2.3' ],
549 silly audit   react: [ '18.3.1' ],
549 silly audit   'react-dom': [ '18.3.1' ],
549 silly audit   'react-is': [ '16.13.1' ],
549 silly audit   'read-cache': [ '1.0.0' ],
549 silly audit   readdirp: [ '3.6.0', '5.0.0' ],
549 silly audit   'reflect.getprototypeof': [ '1.0.10' ],
549 silly audit   'regexp.prototype.flags': [ '1.5.4' ],
549 silly audit   'resolve-from': [ '4.0.0' ],
549 silly audit   'resolve-pkg-maps': [ '1.0.0' ],
549 silly audit   reusify: [ '1.1.0' ],
549 silly audit   rimraf: [ '3.0.2' ],
549 silly audit   'run-parallel': [ '1.2.0' ],
549 silly audit   'safe-array-concat': [ '1.1.4' ],
549 silly audit   'safe-push-apply': [ '1.0.0' ],
549 silly audit   'safe-regex-test': [ '1.1.0' ],
549 silly audit   scheduler: [ '0.23.2' ],
549 silly audit   'set-function-length': [ '1.2.2' ],
549 silly audit   'set-function-name': [ '2.0.2' ],
549 silly audit   'set-proto': [ '1.0.0' ],
549 silly audit   'shebang-command': [ '2.0.0' ],
549 silly audit   'shebang-regex': [ '3.0.0' ],
549 silly audit   'side-channel': [ '1.1.0' ],
549 silly audit   'side-channel-list': [ '1.0.1' ],
549 silly audit   'side-channel-map': [ '1.0.1' ],
549 silly audit   'side-channel-weakmap': [ '1.0.2' ],
549 silly audit   'signal-exit': [ '4.1.0', '3.0.7' ],
549 silly audit   'source-map-js': [ '1.2.1' ],
549 silly audit   'stable-hash': [ '0.0.5' ],
549 silly audit   'stop-iteration-iterator': [ '1.1.0' ],
549 silly audit   streamsearch: [ '1.1.0' ],
549 silly audit   'string-width': [ '5.1.2', '4.2.3' ],
549 silly audit   'string.prototype.includes': [ '2.0.1' ],
549 silly audit   'string.prototype.matchall': [ '4.0.12' ],
549 silly audit   'string.prototype.repeat': [ '1.0.0' ],
549 silly audit   'string.prototype.trim': [ '1.2.10' ],
549 silly audit   'string.prototype.trimend': [ '1.0.9' ],
549 silly audit   'string.prototype.trimstart': [ '1.0.8' ],
549 silly audit   'strip-bom': [ '3.0.0' ],
549 silly audit   'strip-json-comments': [ '3.1.1' ],
549 silly audit   'styled-jsx': [ '5.1.1' ],
549 silly audit   sucrase: [ '3.35.1' ],
549 silly audit   'supports-color': [ '7.2.0' ],
549 silly audit   'supports-preserve-symlinks-flag': [ '1.0.0' ],
549 silly audit   'tailwind-merge': [ '3.5.0' ],
549 silly audit   tailwindcss: [ '3.4.19' ],
549 silly audit   'text-table': [ '0.2.0' ],
549 silly audit   thenify: [ '3.3.1' ],
549 silly audit   'thenify-all': [ '1.6.0' ],
549 silly audit   tinyglobby: [ '0.2.16' ],
549 silly audit   fdir: [ '6.5.0' ],
549 silly audit   'to-regex-range': [ '5.0.1' ],
549 silly audit   'ts-api-utils': [ '2.5.0' ],
549 silly audit   'ts-interface-checker': [ '0.1.13' ],
549 silly audit   'tsconfig-paths': [ '3.15.0' ],
549 silly audit   tslib: [ '2.8.1' ],
549 silly audit   'type-check': [ '0.4.0' ],
549 silly audit   'type-fest': [ '0.20.2' ],
549 silly audit   'typed-array-buffer': [ '1.0.3' ],
549 silly audit   'typed-array-byte-length': [ '1.0.3' ],
549 silly audit   'typed-array-byte-offset': [ '1.0.4' ],
549 silly audit   'typed-array-length': [ '1.0.7' ],
549 silly audit   typescript: [ '5.9.3' ],
549 silly audit   'unbox-primitive': [ '1.1.0' ],
549 silly audit   'undici-types': [ '6.21.0' ],
549 silly audit   'unrs-resolver': [ '1.11.1' ],
549 silly audit   'uri-js': [ '4.4.1' ],
549 silly audit   'util-deprecate': [ '1.0.2' ],
549 silly audit   which: [ '2.0.2' ],
549 silly audit   'which-boxed-primitive': [ '1.1.1' ],
549 silly audit   'which-builtin-type': [ '1.2.1' ],
549 silly audit   'which-collection': [ '1.0.2' ],
549 silly audit   'which-typed-array': [ '1.1.20' ],
549 silly audit   'word-wrap': [ '1.2.5' ],
549 silly audit   'wrap-ansi': [ '8.1.0', '7.0.0' ],
549 silly audit   wrappy: [ '1.0.2' ],
549 silly audit   'yocto-queue': [ '0.1.0' ],
549 silly audit   zod: [ '4.4.3' ],
549 silly audit   zustand: [ '5.0.12' ],
549 silly audit   prisma: [ '7.8.0' ],
549 silly audit   'ts-node': [ '10.9.2' ],
549 silly audit   '@prisma/config': [ '7.8.0' ],
549 silly audit   '@prisma/dev': [ '0.24.3' ],
549 silly audit   '@prisma/engines': [ '7.8.0' ],
549 silly audit   '@prisma/studio-core': [ '0.27.3' ],
549 silly audit   mysql2: [ '3.15.3' ],
549 silly audit   postgres: [ '3.4.7' ],
549 silly audit   c12: [ '3.3.4' ],
549 silly audit   'deepmerge-ts': [ '7.1.5' ],
549 silly audit   effect: [ '3.20.0' ],
549 silly audit   empathic: [ '2.0.0' ],
549 silly audit   '@electric-sql/pglite': [ '0.4.1' ],
549 silly audit   '@electric-sql/pglite-socket': [ '0.1.1' ],
549 silly audit   '@electric-sql/pglite-tools': [ '0.3.1' ],
549 silly audit   '@hono/node-server': [ '1.19.11' ],
549 silly audit   hono: [ '4.12.16' ],
549 silly audit   '@prisma/get-platform': [ '7.2.0', '7.8.0' ],
549 silly audit   '@prisma/query-plan-executor': [ '7.2.0' ],
549 silly audit   '@prisma/streams-local': [ '0.1.2' ],
549 silly audit   'get-port-please': [ '3.2.0' ],
549 silly audit   'http-status-codes': [ '2.3.0' ],
549 silly audit   pathe: [ '2.0.3' ],
549 silly audit   'proper-lockfile': [ '4.1.2' ],
549 silly audit   remeda: [ '2.33.4' ],
549 silly audit   'std-env': [ '3.10.0' ],
549 silly audit   valibot: [ '1.2.0' ],
549 silly audit   zeptomatch: [ '2.1.0' ],
549 silly audit   '@prisma/debug': [ '7.8.0', '7.2.0' ],
549 silly audit   '@prisma/engines-version': [ '7.8.0-6.3c6e192761c0362d496ed980de936e2f3cebcd3a' ],
549 silly audit   '@prisma/fetch-engine': [ '7.8.0' ],
549 silly audit   'better-result': [ '2.9.2' ],
549 silly audit   'env-paths': [ '3.0.0' ],
549 silly audit   '@radix-ui/react-toggle': [ '1.1.10' ],
549 silly audit   'chart.js': [ '4.5.1' ],
549 silly audit   confbox: [ '0.2.4' ],
549 silly audit   defu: [ '6.1.7' ],
549 silly audit   dotenv: [ '17.4.2' ],
549 silly audit   exsolve: [ '1.0.8' ],
549 silly audit   giget: [ '3.2.0' ],
549 silly audit   ohash: [ '2.0.11' ],
549 silly audit   'perfect-debounce': [ '2.1.0' ],
549 silly audit   'pkg-types': [ '2.3.1' ],
549 silly audit   rc9: [ '3.0.1' ],
549 silly audit   '@kurkle/color': [ '0.3.4' ],
549 silly audit   '@standard-schema/spec': [ '1.1.0' ],
549 silly audit   'fast-check': [ '3.23.2' ],
549 silly audit   'pure-rand': [ '6.1.0' ],
549 silly audit   'aws-ssl-profiles': [ '1.1.2' ],
549 silly audit   denque: [ '2.1.0' ],
549 silly audit   'generate-function': [ '2.3.1' ],
549 silly audit   'iconv-lite': [ '0.7.2' ],
549 silly audit   long: [ '5.3.2' ],
549 silly audit   'lru.min': [ '1.1.4' ],
549 silly audit   'named-placeholders': [ '1.1.6' ],
549 silly audit   'seq-queue': [ '0.0.5' ],
549 silly audit   sqlstring: [ '2.3.3' ],
549 silly audit   'is-property': [ '1.0.2' ],
549 silly audit   'safer-buffer': [ '2.1.2' ],
549 silly audit   retry: [ '0.12.0' ],
549 silly audit   destr: [ '2.0.5' ],
549 silly audit   '@cspotcode/source-map-support': [ '0.8.1' ],
549 silly audit   '@tsconfig/node10': [ '1.0.12' ],
549 silly audit   '@tsconfig/node12': [ '1.0.11' ],
549 silly audit   '@tsconfig/node14': [ '1.0.3' ],
549 silly audit   '@tsconfig/node16': [ '1.0.4' ],
549 silly audit   'acorn-walk': [ '8.3.5' ],
549 silly audit   'create-require': [ '1.1.1' ],
549 silly audit   diff: [ '4.0.4' ],
549 silly audit   'make-error': [ '1.3.6' ],
549 silly audit   'v8-compile-cache-lib': [ '3.0.1' ],
549 silly audit   yn: [ '3.1.1' ],
549 silly audit   grammex: [ '3.1.12' ],
549 silly audit   graphmatch: [ '1.1.1' ],
549 silly audit   'fast-uri': [ '3.1.0' ],
549 silly audit   'require-from-string': [ '2.0.2' ],
549 silly audit   '@radix-ui/primitive': [ '1.1.3' ],
549 silly audit   '@radix-ui/react-primitive': [ '2.1.3' ],
549 silly audit   '@radix-ui/react-use-controllable-state': [ '1.2.2' ],
549 silly audit   '@radix-ui/react-use-effect-event': [ '0.0.2' ],
549 silly audit   '@radix-ui/react-use-layout-effect': [ '1.1.1' ],
549 silly audit   '@radix-ui/react-slot': [ '1.2.3' ],
549 silly audit   '@radix-ui/react-compose-refs': [ '1.1.2' ]
549 silly audit }
550 http cache @radix-ui/react-compose-refs@https://registry.npmjs.org/@radix-ui/react-compose-refs/-/react-compose-refs-1.1.2.tgz 0ms (cache hit)
551 http cache @radix-ui/react-use-layout-effect@https://registry.npmjs.org/@radix-ui/react-use-layout-effect/-/react-use-layout-effect-1.1.1.tgz 0ms (cache hit)
552 http cache @radix-ui/react-slot@https://registry.npmjs.org/@radix-ui/react-slot/-/react-slot-1.2.3.tgz 0ms (cache hit)
553 http cache require-from-string@https://registry.npmjs.org/require-from-string/-/require-from-string-2.0.2.tgz 0ms (cache hit)
554 http cache @radix-ui/primitive@https://registry.npmjs.org/@radix-ui/primitive/-/primitive-1.1.3.tgz 0ms (cache hit)
555 http cache @radix-ui/react-use-effect-event@https://registry.npmjs.org/@radix-ui/react-use-effect-event/-/react-use-effect-event-0.0.2.tgz 0ms (cache hit)
556 http cache @radix-ui/react-use-controllable-state@https://registry.npmjs.org/@radix-ui/react-use-controllable-state/-/react-use-controllable-state-1.2.2.tgz 0ms (cache hit)
557 http cache graphmatch@https://registry.npmjs.org/graphmatch/-/graphmatch-1.1.1.tgz 0ms (cache hit)
558 http cache fast-uri@https://registry.npmjs.org/fast-uri/-/fast-uri-3.1.0.tgz 0ms (cache hit)
559 http cache grammex@https://registry.npmjs.org/grammex/-/grammex-3.1.12.tgz 0ms (cache hit)
560 http cache v8-compile-cache-lib@https://registry.npmjs.org/v8-compile-cache-lib/-/v8-compile-cache-lib-3.0.1.tgz 0ms (cache hit)
561 http cache yn@https://registry.npmjs.org/yn/-/yn-3.1.1.tgz 0ms (cache hit)
562 http cache make-error@https://registry.npmjs.org/make-error/-/make-error-1.3.6.tgz 0ms (cache hit)
563 http cache @tsconfig/node16@https://registry.npmjs.org/@tsconfig/node16/-/node16-1.0.4.tgz 0ms (cache hit)
564 http cache acorn-walk@https://registry.npmjs.org/acorn-walk/-/acorn-walk-8.3.5.tgz 0ms (cache hit)
565 http cache create-require@https://registry.npmjs.org/create-require/-/create-require-1.1.1.tgz 0ms (cache hit)
566 http cache diff@https://registry.npmjs.org/diff/-/diff-4.0.4.tgz 0ms (cache hit)
567 http cache destr@https://registry.npmjs.org/destr/-/destr-2.0.5.tgz 0ms (cache hit)
568 http cache @tsconfig/node12@https://registry.npmjs.org/@tsconfig/node12/-/node12-1.0.11.tgz 0ms (cache hit)
569 http cache retry@https://registry.npmjs.org/retry/-/retry-0.12.0.tgz 0ms (cache hit)
570 http cache @cspotcode/source-map-support@https://registry.npmjs.org/@cspotcode/source-map-support/-/source-map-support-0.8.1.tgz 0ms (cache hit)
571 http cache @tsconfig/node14@https://registry.npmjs.org/@tsconfig/node14/-/node14-1.0.3.tgz 0ms (cache hit)
572 http cache @tsconfig/node10@https://registry.npmjs.org/@tsconfig/node10/-/node10-1.0.12.tgz 0ms (cache hit)
573 http cache safer-buffer@https://registry.npmjs.org/safer-buffer/-/safer-buffer-2.1.2.tgz 0ms (cache hit)
574 http cache sqlstring@https://registry.npmjs.org/sqlstring/-/sqlstring-2.3.3.tgz 0ms (cache hit)
575 http cache is-property@https://registry.npmjs.org/is-property/-/is-property-1.0.2.tgz 0ms (cache hit)
576 http cache seq-queue@https://registry.npmjs.org/seq-queue/-/seq-queue-0.0.5.tgz 0ms (cache hit)
577 http cache lru.min@https://registry.npmjs.org/lru.min/-/lru.min-1.1.4.tgz 0ms (cache hit)
578 http cache iconv-lite@https://registry.npmjs.org/iconv-lite/-/iconv-lite-0.7.2.tgz 0ms (cache hit)
579 http cache long@https://registry.npmjs.org/long/-/long-5.3.2.tgz 0ms (cache hit)
580 http cache generate-function@https://registry.npmjs.org/generate-function/-/generate-function-2.3.1.tgz 0ms (cache hit)
581 http cache aws-ssl-profiles@https://registry.npmjs.org/aws-ssl-profiles/-/aws-ssl-profiles-1.1.2.tgz 0ms (cache hit)
582 http cache @kurkle/color@https://registry.npmjs.org/@kurkle/color/-/color-0.3.4.tgz 0ms (cache hit)
583 http cache @standard-schema/spec@https://registry.npmjs.org/@standard-schema/spec/-/spec-1.1.0.tgz 0ms (cache hit)
584 http cache fast-check@https://registry.npmjs.org/fast-check/-/fast-check-3.23.2.tgz 0ms (cache hit)
585 http cache pure-rand@https://registry.npmjs.org/pure-rand/-/pure-rand-6.1.0.tgz 0ms (cache hit)
586 http cache denque@https://registry.npmjs.org/denque/-/denque-2.1.0.tgz 0ms (cache hit)
587 http cache perfect-debounce@https://registry.npmjs.org/perfect-debounce/-/perfect-debounce-2.1.0.tgz 0ms (cache hit)
588 http cache rc9@https://registry.npmjs.org/rc9/-/rc9-3.0.1.tgz 0ms (cache hit)
589 http cache pkg-types@https://registry.npmjs.org/pkg-types/-/pkg-types-2.3.1.tgz 0ms (cache hit)
590 http cache ohash@https://registry.npmjs.org/ohash/-/ohash-2.0.11.tgz 0ms (cache hit)
591 http cache exsolve@https://registry.npmjs.org/exsolve/-/exsolve-1.0.8.tgz 0ms (cache hit)
592 http cache confbox@https://registry.npmjs.org/confbox/-/confbox-0.2.4.tgz 0ms (cache hit)
593 http cache defu@https://registry.npmjs.org/defu/-/defu-6.1.7.tgz 0ms (cache hit)
594 http cache dotenv@https://registry.npmjs.org/dotenv/-/dotenv-17.4.2.tgz 0ms (cache hit)
595 http cache @prisma/fetch-engine@https://registry.npmjs.org/@prisma/fetch-engine/-/fetch-engine-7.8.0.tgz 0ms (cache hit)
596 http cache chart.js@https://registry.npmjs.org/chart.js/-/chart.js-4.5.1.tgz 0ms (cache hit)
597 http cache @prisma/engines-version@https://registry.npmjs.org/@prisma/engines-version/-/engines-version-7.8.0-6.3c6e192761c0362d496ed980de936e2f3cebcd3a.tgz 0ms (cache hit)
598 http cache @prisma/debug@https://registry.npmjs.org/@prisma/debug/-/debug-7.8.0.tgz 0ms (cache hit)
599 http cache env-paths@https://registry.npmjs.org/env-paths/-/env-paths-3.0.0.tgz 0ms (cache hit)
600 http cache better-result@https://registry.npmjs.org/better-result/-/better-result-2.9.2.tgz 0ms (cache hit)
601 http cache zeptomatch@https://registry.npmjs.org/zeptomatch/-/zeptomatch-2.1.0.tgz 0ms (cache hit)
602 http cache valibot@https://registry.npmjs.org/valibot/-/valibot-1.2.0.tgz 0ms (cache hit)
603 http cache std-env@https://registry.npmjs.org/std-env/-/std-env-3.10.0.tgz 0ms (cache hit)
604 http cache proper-lockfile@https://registry.npmjs.org/proper-lockfile/-/proper-lockfile-4.1.2.tgz 0ms (cache hit)
605 http cache pathe@https://registry.npmjs.org/pathe/-/pathe-2.0.3.tgz 0ms (cache hit)
606 http cache @prisma/streams-local@https://registry.npmjs.org/@prisma/streams-local/-/streams-local-0.1.2.tgz 0ms (cache hit)
607 http cache remeda@https://registry.npmjs.org/remeda/-/remeda-2.33.4.tgz 0ms (cache hit)
608 http cache get-port-please@https://registry.npmjs.org/get-port-please/-/get-port-please-3.2.0.tgz 0ms (cache hit)
609 http cache http-status-codes@https://registry.npmjs.org/http-status-codes/-/http-status-codes-2.3.0.tgz 0ms (cache hit)
610 http cache hono@https://registry.npmjs.org/hono/-/hono-4.12.16.tgz 0ms (cache hit)
611 http cache @prisma/query-plan-executor@https://registry.npmjs.org/@prisma/query-plan-executor/-/query-plan-executor-7.2.0.tgz 0ms (cache hit)
612 http cache @hono/node-server@https://registry.npmjs.org/@hono/node-server/-/node-server-1.19.11.tgz 0ms (cache hit)
613 http cache @electric-sql/pglite-tools@https://registry.npmjs.org/@electric-sql/pglite-tools/-/pglite-tools-0.3.1.tgz 0ms (cache hit)
614 http cache empathic@https://registry.npmjs.org/empathic/-/empathic-2.0.0.tgz 0ms (cache hit)
615 http cache @electric-sql/pglite-socket@https://registry.npmjs.org/@electric-sql/pglite-socket/-/pglite-socket-0.1.1.tgz 0ms (cache hit)
616 http cache @electric-sql/pglite@https://registry.npmjs.org/@electric-sql/pglite/-/pglite-0.4.1.tgz 0ms (cache hit)
617 http cache effect@https://registry.npmjs.org/effect/-/effect-3.20.0.tgz 0ms (cache hit)
618 http cache @prisma/get-platform@https://registry.npmjs.org/@prisma/get-platform/-/get-platform-7.2.0.tgz 0ms (cache hit)
619 http cache deepmerge-ts@https://registry.npmjs.org/deepmerge-ts/-/deepmerge-ts-7.1.5.tgz 0ms (cache hit)
620 http cache @prisma/studio-core@https://registry.npmjs.org/@prisma/studio-core/-/studio-core-0.27.3.tgz 0ms (cache hit)
621 http cache @prisma/engines@https://registry.npmjs.org/@prisma/engines/-/engines-7.8.0.tgz 0ms (cache hit)
622 http cache @prisma/dev@https://registry.npmjs.org/@prisma/dev/-/dev-0.24.3.tgz 0ms (cache hit)
623 http cache @prisma/config@https://registry.npmjs.org/@prisma/config/-/config-7.8.0.tgz 0ms (cache hit)
624 http cache c12@https://registry.npmjs.org/c12/-/c12-3.3.4.tgz 0ms (cache hit)
625 http cache postgres@https://registry.npmjs.org/postgres/-/postgres-3.4.7.tgz 0ms (cache hit)
626 http cache mysql2@https://registry.npmjs.org/mysql2/-/mysql2-3.15.3.tgz 0ms (cache hit)
627 http cache @jridgewell/trace-mapping@https://registry.npmjs.org/@jridgewell/trace-mapping/-/trace-mapping-0.3.9.tgz 0ms (cache hit)
628 http cache signal-exit@https://registry.npmjs.org/signal-exit/-/signal-exit-3.0.7.tgz 0ms (cache hit)
629 http cache json-schema-traverse@https://registry.npmjs.org/json-schema-traverse/-/json-schema-traverse-1.0.0.tgz 0ms (cache hit)
630 http cache @prisma/debug@https://registry.npmjs.org/@prisma/debug/-/debug-7.2.0.tgz 0ms (cache hit)
631 http cache @prisma/get-platform@https://registry.npmjs.org/@prisma/get-platform/-/get-platform-7.8.0.tgz 0ms (cache hit)
632 http cache ajv@https://registry.npmjs.org/ajv/-/ajv-8.20.0.tgz 0ms (cache hit)
633 http cache ts-node@https://registry.npmjs.org/ts-node/-/ts-node-10.9.2.tgz 0ms (cache hit)
634 http cache prisma@https://registry.npmjs.org/prisma/-/prisma-7.8.0.tgz 0ms (cache hit)
635 http cache @radix-ui/react-toggle@https://registry.npmjs.org/@radix-ui/react-toggle/-/react-toggle-1.1.10.tgz 0ms (cache hit)
636 http cache @radix-ui/react-primitive@https://registry.npmjs.org/@radix-ui/react-primitive/-/react-primitive-2.1.3.tgz 0ms (cache hit)
637 http cache @prisma/get-platform@https://registry.npmjs.org/@prisma/get-platform/-/get-platform-7.8.0.tgz 0ms (cache hit)
638 http cache arg@https://registry.npmjs.org/arg/-/arg-4.1.3.tgz 0ms (cache hit)
639 silly tarball no local data for @radix-ui/react-compose-refs@https://registry.npmjs.org/@radix-ui/react-compose-refs/-/react-compose-refs-1.1.2.tgz. Extracting by manifest.
640 silly tarball no local data for @radix-ui/react-use-layout-effect@https://registry.npmjs.org/@radix-ui/react-use-layout-effect/-/react-use-layout-effect-1.1.1.tgz. Extracting by manifest.
641 http cache giget@https://registry.npmjs.org/giget/-/giget-3.2.0.tgz 0ms (cache hit)
642 silly tarball no local data for @radix-ui/react-slot@https://registry.npmjs.org/@radix-ui/react-slot/-/react-slot-1.2.3.tgz. Extracting by manifest.
643 http cache named-placeholders@https://registry.npmjs.org/named-placeholders/-/named-placeholders-1.1.6.tgz 0ms (cache hit)
644 silly tarball no local data for require-from-string@https://registry.npmjs.org/require-from-string/-/require-from-string-2.0.2.tgz. Extracting by manifest.
645 silly tarball no local data for @radix-ui/primitive@https://registry.npmjs.org/@radix-ui/primitive/-/primitive-1.1.3.tgz. Extracting by manifest.
646 silly tarball no local data for @radix-ui/react-use-effect-event@https://registry.npmjs.org/@radix-ui/react-use-effect-event/-/react-use-effect-event-0.0.2.tgz. Extracting by manifest.
647 silly tarball no local data for @radix-ui/react-use-controllable-state@https://registry.npmjs.org/@radix-ui/react-use-controllable-state/-/react-use-controllable-state-1.2.2.tgz. Extracting by manifest.
648 silly tarball no local data for graphmatch@https://registry.npmjs.org/graphmatch/-/graphmatch-1.1.1.tgz. Extracting by manifest.
649 silly tarball no local data for fast-uri@https://registry.npmjs.org/fast-uri/-/fast-uri-3.1.0.tgz. Extracting by manifest.
650 silly tarball no local data for grammex@https://registry.npmjs.org/grammex/-/grammex-3.1.12.tgz. Extracting by manifest.
651 silly tarball no local data for v8-compile-cache-lib@https://registry.npmjs.org/v8-compile-cache-lib/-/v8-compile-cache-lib-3.0.1.tgz. Extracting by manifest.
652 silly tarball no local data for yn@https://registry.npmjs.org/yn/-/yn-3.1.1.tgz. Extracting by manifest.
653 silly tarball no local data for make-error@https://registry.npmjs.org/make-error/-/make-error-1.3.6.tgz. Extracting by manifest.
654 silly tarball no local data for @tsconfig/node16@https://registry.npmjs.org/@tsconfig/node16/-/node16-1.0.4.tgz. Extracting by manifest.
655 silly tarball no local data for acorn-walk@https://registry.npmjs.org/acorn-walk/-/acorn-walk-8.3.5.tgz. Extracting by manifest.
656 silly tarball no local data for create-require@https://registry.npmjs.org/create-require/-/create-require-1.1.1.tgz. Extracting by manifest.
657 silly tarball no local data for diff@https://registry.npmjs.org/diff/-/diff-4.0.4.tgz. Extracting by manifest.
658 silly tarball no local data for destr@https://registry.npmjs.org/destr/-/destr-2.0.5.tgz. Extracting by manifest.
659 silly tarball no local data for @tsconfig/node12@https://registry.npmjs.org/@tsconfig/node12/-/node12-1.0.11.tgz. Extracting by manifest.
660 silly tarball no local data for retry@https://registry.npmjs.org/retry/-/retry-0.12.0.tgz. Extracting by manifest.
661 silly tarball no local data for @cspotcode/source-map-support@https://registry.npmjs.org/@cspotcode/source-map-support/-/source-map-support-0.8.1.tgz. Extracting by manifest.
662 silly tarball no local data for @tsconfig/node14@https://registry.npmjs.org/@tsconfig/node14/-/node14-1.0.3.tgz. Extracting by manifest.
663 silly tarball no local data for @tsconfig/node10@https://registry.npmjs.org/@tsconfig/node10/-/node10-1.0.12.tgz. Extracting by manifest.
664 silly tarball no local data for safer-buffer@https://registry.npmjs.org/safer-buffer/-/safer-buffer-2.1.2.tgz. Extracting by manifest.
665 silly tarball no local data for sqlstring@https://registry.npmjs.org/sqlstring/-/sqlstring-2.3.3.tgz. Extracting by manifest.
666 silly tarball no local data for is-property@https://registry.npmjs.org/is-property/-/is-property-1.0.2.tgz. Extracting by manifest.
667 silly tarball no local data for seq-queue@https://registry.npmjs.org/seq-queue/-/seq-queue-0.0.5.tgz. Extracting by manifest.
668 silly tarball no local data for lru.min@https://registry.npmjs.org/lru.min/-/lru.min-1.1.4.tgz. Extracting by manifest.
669 silly tarball no local data for iconv-lite@https://registry.npmjs.org/iconv-lite/-/iconv-lite-0.7.2.tgz. Extracting by manifest.
670 silly tarball no local data for long@https://registry.npmjs.org/long/-/long-5.3.2.tgz. Extracting by manifest.
671 silly tarball no local data for generate-function@https://registry.npmjs.org/generate-function/-/generate-function-2.3.1.tgz. Extracting by manifest.
672 silly tarball no local data for aws-ssl-profiles@https://registry.npmjs.org/aws-ssl-profiles/-/aws-ssl-profiles-1.1.2.tgz. Extracting by manifest.
673 silly tarball no local data for @kurkle/color@https://registry.npmjs.org/@kurkle/color/-/color-0.3.4.tgz. Extracting by manifest.
674 silly tarball no local data for @standard-schema/spec@https://registry.npmjs.org/@standard-schema/spec/-/spec-1.1.0.tgz. Extracting by manifest.
675 silly tarball no local data for fast-check@https://registry.npmjs.org/fast-check/-/fast-check-3.23.2.tgz. Extracting by manifest.
676 silly tarball no local data for pure-rand@https://registry.npmjs.org/pure-rand/-/pure-rand-6.1.0.tgz. Extracting by manifest.
677 silly tarball no local data for denque@https://registry.npmjs.org/denque/-/denque-2.1.0.tgz. Extracting by manifest.
678 silly tarball no local data for perfect-debounce@https://registry.npmjs.org/perfect-debounce/-/perfect-debounce-2.1.0.tgz. Extracting by manifest.
679 silly tarball no local data for rc9@https://registry.npmjs.org/rc9/-/rc9-3.0.1.tgz. Extracting by manifest.
680 silly tarball no local data for pkg-types@https://registry.npmjs.org/pkg-types/-/pkg-types-2.3.1.tgz. Extracting by manifest.
681 silly tarball no local data for ohash@https://registry.npmjs.org/ohash/-/ohash-2.0.11.tgz. Extracting by manifest.
682 silly tarball no local data for exsolve@https://registry.npmjs.org/exsolve/-/exsolve-1.0.8.tgz. Extracting by manifest.
683 silly tarball no local data for confbox@https://registry.npmjs.org/confbox/-/confbox-0.2.4.tgz. Extracting by manifest.
684 silly tarball no local data for defu@https://registry.npmjs.org/defu/-/defu-6.1.7.tgz. Extracting by manifest.
685 silly tarball no local data for dotenv@https://registry.npmjs.org/dotenv/-/dotenv-17.4.2.tgz. Extracting by manifest.
686 silly tarball no local data for @prisma/fetch-engine@https://registry.npmjs.org/@prisma/fetch-engine/-/fetch-engine-7.8.0.tgz. Extracting by manifest.
687 silly tarball no local data for chart.js@https://registry.npmjs.org/chart.js/-/chart.js-4.5.1.tgz. Extracting by manifest.
688 silly tarball no local data for @prisma/engines-version@https://registry.npmjs.org/@prisma/engines-version/-/engines-version-7.8.0-6.3c6e192761c0362d496ed980de936e2f3cebcd3a.tgz. Extracting by manifest.
689 silly tarball no local data for @prisma/debug@https://registry.npmjs.org/@prisma/debug/-/debug-7.8.0.tgz. Extracting by manifest.
690 silly tarball no local data for env-paths@https://registry.npmjs.org/env-paths/-/env-paths-3.0.0.tgz. Extracting by manifest.
691 silly tarball no local data for better-result@https://registry.npmjs.org/better-result/-/better-result-2.9.2.tgz. Extracting by manifest.
692 silly tarball no local data for zeptomatch@https://registry.npmjs.org/zeptomatch/-/zeptomatch-2.1.0.tgz. Extracting by manifest.
693 silly tarball no local data for valibot@https://registry.npmjs.org/valibot/-/valibot-1.2.0.tgz. Extracting by manifest.
694 silly tarball no local data for std-env@https://registry.npmjs.org/std-env/-/std-env-3.10.0.tgz. Extracting by manifest.
695 silly tarball no local data for proper-lockfile@https://registry.npmjs.org/proper-lockfile/-/proper-lockfile-4.1.2.tgz. Extracting by manifest.
696 silly tarball no local data for pathe@https://registry.npmjs.org/pathe/-/pathe-2.0.3.tgz. Extracting by manifest.
697 silly tarball no local data for @prisma/streams-local@https://registry.npmjs.org/@prisma/streams-local/-/streams-local-0.1.2.tgz. Extracting by manifest.
698 silly tarball no local data for remeda@https://registry.npmjs.org/remeda/-/remeda-2.33.4.tgz. Extracting by manifest.
699 silly tarball no local data for get-port-please@https://registry.npmjs.org/get-port-please/-/get-port-please-3.2.0.tgz. Extracting by manifest.
700 silly tarball no local data for http-status-codes@https://registry.npmjs.org/http-status-codes/-/http-status-codes-2.3.0.tgz. Extracting by manifest.
701 silly tarball no local data for hono@https://registry.npmjs.org/hono/-/hono-4.12.16.tgz. Extracting by manifest.
702 silly tarball no local data for @prisma/query-plan-executor@https://registry.npmjs.org/@prisma/query-plan-executor/-/query-plan-executor-7.2.0.tgz. Extracting by manifest.
703 silly tarball no local data for @hono/node-server@https://registry.npmjs.org/@hono/node-server/-/node-server-1.19.11.tgz. Extracting by manifest.
704 silly tarball no local data for @electric-sql/pglite-tools@https://registry.npmjs.org/@electric-sql/pglite-tools/-/pglite-tools-0.3.1.tgz. Extracting by manifest.
705 silly tarball no local data for empathic@https://registry.npmjs.org/empathic/-/empathic-2.0.0.tgz. Extracting by manifest.
706 silly tarball no local data for @electric-sql/pglite-socket@https://registry.npmjs.org/@electric-sql/pglite-socket/-/pglite-socket-0.1.1.tgz. Extracting by manifest.
707 silly tarball no local data for @electric-sql/pglite@https://registry.npmjs.org/@electric-sql/pglite/-/pglite-0.4.1.tgz. Extracting by manifest.
708 silly tarball no local data for effect@https://registry.npmjs.org/effect/-/effect-3.20.0.tgz. Extracting by manifest.
709 silly tarball no local data for @prisma/get-platform@https://registry.npmjs.org/@prisma/get-platform/-/get-platform-7.2.0.tgz. Extracting by manifest.
710 silly tarball no local data for deepmerge-ts@https://registry.npmjs.org/deepmerge-ts/-/deepmerge-ts-7.1.5.tgz. Extracting by manifest.
711 silly tarball no local data for @prisma/studio-core@https://registry.npmjs.org/@prisma/studio-core/-/studio-core-0.27.3.tgz. Extracting by manifest.
712 silly tarball no local data for @prisma/engines@https://registry.npmjs.org/@prisma/engines/-/engines-7.8.0.tgz. Extracting by manifest.
713 silly tarball no local data for @prisma/dev@https://registry.npmjs.org/@prisma/dev/-/dev-0.24.3.tgz. Extracting by manifest.
714 silly tarball no local data for @prisma/config@https://registry.npmjs.org/@prisma/config/-/config-7.8.0.tgz. Extracting by manifest.
715 http cache chokidar@https://registry.npmjs.org/chokidar/-/chokidar-5.0.0.tgz 0ms (cache hit)
716 http cache jiti@https://registry.npmjs.org/jiti/-/jiti-2.6.1.tgz 0ms (cache hit)
717 http cache readdirp@https://registry.npmjs.org/readdirp/-/readdirp-5.0.0.tgz 0ms (cache hit)
718 silly tarball no local data for c12@https://registry.npmjs.org/c12/-/c12-3.3.4.tgz. Extracting by manifest.
719 silly tarball no local data for postgres@https://registry.npmjs.org/postgres/-/postgres-3.4.7.tgz. Extracting by manifest.
720 silly tarball no local data for mysql2@https://registry.npmjs.org/mysql2/-/mysql2-3.15.3.tgz. Extracting by manifest.
721 silly tarball no local data for @jridgewell/trace-mapping@https://registry.npmjs.org/@jridgewell/trace-mapping/-/trace-mapping-0.3.9.tgz. Extracting by manifest.
722 silly tarball no local data for signal-exit@https://registry.npmjs.org/signal-exit/-/signal-exit-3.0.7.tgz. Extracting by manifest.
723 silly tarball no local data for json-schema-traverse@https://registry.npmjs.org/json-schema-traverse/-/json-schema-traverse-1.0.0.tgz. Extracting by manifest.
724 silly tarball no local data for @prisma/debug@https://registry.npmjs.org/@prisma/debug/-/debug-7.2.0.tgz. Extracting by manifest.
725 silly tarball no local data for @prisma/get-platform@https://registry.npmjs.org/@prisma/get-platform/-/get-platform-7.8.0.tgz. Extracting by manifest.
726 silly tarball no local data for ajv@https://registry.npmjs.org/ajv/-/ajv-8.20.0.tgz. Extracting by manifest.
727 silly tarball no local data for ts-node@https://registry.npmjs.org/ts-node/-/ts-node-10.9.2.tgz. Extracting by manifest.
728 silly tarball no local data for prisma@https://registry.npmjs.org/prisma/-/prisma-7.8.0.tgz. Extracting by manifest.
729 silly tarball no local data for @radix-ui/react-toggle@https://registry.npmjs.org/@radix-ui/react-toggle/-/react-toggle-1.1.10.tgz. Extracting by manifest.
730 silly tarball no local data for @radix-ui/react-primitive@https://registry.npmjs.org/@radix-ui/react-primitive/-/react-primitive-2.1.3.tgz. Extracting by manifest.
731 silly tarball no local data for @prisma/get-platform@https://registry.npmjs.org/@prisma/get-platform/-/get-platform-7.8.0.tgz. Extracting by manifest.
732 silly tarball no local data for arg@https://registry.npmjs.org/arg/-/arg-4.1.3.tgz. Extracting by manifest.
733 silly tarball no local data for giget@https://registry.npmjs.org/giget/-/giget-3.2.0.tgz. Extracting by manifest.
734 silly tarball no local data for named-placeholders@https://registry.npmjs.org/named-placeholders/-/named-placeholders-1.1.6.tgz. Extracting by manifest.
735 silly tarball no local data for chokidar@https://registry.npmjs.org/chokidar/-/chokidar-5.0.0.tgz. Extracting by manifest.
736 silly tarball no local data for jiti@https://registry.npmjs.org/jiti/-/jiti-2.6.1.tgz. Extracting by manifest.
737 silly tarball no local data for readdirp@https://registry.npmjs.org/readdirp/-/readdirp-5.0.0.tgz. Extracting by manifest.
738 http fetch POST 200 https://registry.npmjs.org/-/npm/v1/security/advisories/bulk 385ms
739 silly audit report {
739 silly audit report   glob: [
739 silly audit report     {
739 silly audit report       id: 1109842,
739 silly audit report       url: 'https://github.com/advisories/GHSA-5j98-mcp5-4vw2',
739 silly audit report       title: 'glob CLI: Command injection via -c/--cmd executes matches with shell:true',
739 silly audit report       severity: 'high',
739 silly audit report       vulnerable_versions: '>=10.2.0 <10.5.0',
739 silly audit report       cwe: [Array],
739 silly audit report       cvss: [Object]
739 silly audit report     }
739 silly audit report   ],
739 silly audit report   next: [
739 silly audit report     {
739 silly audit report       id: 1112593,
739 silly audit report       url: 'https://github.com/advisories/GHSA-9g9p-9gw9-jx7f',
739 silly audit report       title: 'Next.js self-hosted applications vulnerable to DoS via Image Optimizer remotePatterns configuration',
739 silly audit report       severity: 'moderate',
739 silly audit report       vulnerable_versions: '>=10.0.0 <15.5.10',
739 silly audit report       cwe: [Array],
739 silly audit report       cvss: [Object]
739 silly audit report     },
739 silly audit report     {
739 silly audit report       id: 1112653,
739 silly audit report       url: 'https://github.com/advisories/GHSA-h25m-26qc-wcjf',
739 silly audit report       title: 'Next.js HTTP request deserialization can lead to DoS when using insecure React Server Components',
739 silly audit report       severity: 'high',
739 silly audit report       vulnerable_versions: '>=13.0.0 <15.0.8',
739 silly audit report       cwe: [Array],
739 silly audit report       cvss: [Object]
739 silly audit report     },
739 silly audit report     {
739 silly audit report       id: 1114897,
739 silly audit report       url: 'https://github.com/advisories/GHSA-ggv3-7p47-pfv8',
739 silly audit report       title: 'Next.js: HTTP request smuggling in rewrites',
739 silly audit report       severity: 'moderate',
739 silly audit report       vulnerable_versions: '>=9.5.0 <15.5.13',
739 silly audit report       cwe: [Array],
739 silly audit report       cvss: [Object]
739 silly audit report     },
739 silly audit report     {
739 silly audit report       id: 1114940,
739 silly audit report       url: 'https://github.com/advisories/GHSA-3x4c-7xq6-9pq8',
739 silly audit report       title: 'Next.js: Unbounded next/image disk cache growth can exhaust storage',
739 silly audit report       severity: 'moderate',
739 silly audit report       vulnerable_versions: '>=10.0.0 <15.5.14',
739 silly audit report       cwe: [Array],
739 silly audit report       cvss: [Object]
739 silly audit report     },
739 silly audit report     {
739 silly audit report       id: 1116376,
739 silly audit report       url: 'https://github.com/advisories/GHSA-q4gf-8mx6-v5v3',
739 silly audit report       title: 'Next.js has a Denial of Service with Server Components',
739 silly audit report       severity: 'high',
739 silly audit report       vulnerable_versions: '>=13.0.0 <15.5.15',
739 silly audit report       cwe: [Array],
739 silly audit report       cvss: [Object]
739 silly audit report     }
739 silly audit report   ],
739 silly audit report   postcss: [
739 silly audit report     {
739 silly audit report       id: 1117015,
739 silly audit report       url: 'https://github.com/advisories/GHSA-qx2v-qp2m-jg93',
739 silly audit report       title: 'PostCSS has XSS via Unescaped </style> in its CSS Stringify Output',
739 silly audit report       severity: 'moderate',
739 silly audit report       vulnerable_versions: '<8.5.10',
739 silly audit report       cwe: [Array],
739 silly audit report       cvss: [Object]
739 silly audit report     }
739 silly audit report   ],
739 silly audit report   '@hono/node-server': [
739 silly audit report     {
739 silly audit report       id: 1116281,
739 silly audit report       url: 'https://github.com/advisories/GHSA-92pp-h63x-v22m',
739 silly audit report       title: '@hono/node-server: Middleware bypass via repeated slashes in serveStatic',
739 silly audit report       severity: 'moderate',
739 silly audit report       vulnerable_versions: '<1.19.13',
739 silly audit report       cwe: [Array],
739 silly audit report       cvss: [Object]
739 silly audit report     }
739 silly audit report   ]
739 silly audit report }
740 silly packumentCache corgi:https://registry.npmjs.org/glob cache-miss
741 silly packumentCache corgi:https://registry.npmjs.org/next cache-miss
742 silly packumentCache corgi:https://registry.npmjs.org/postcss cache-miss
743 silly packumentCache corgi:https://registry.npmjs.org/@hono%2fnode-server cache-miss
744 http fetch GET 200 https://registry.npmjs.org/graphmatch/-/graphmatch-1.1.1.tgz 482ms (cache miss)
745 http fetch GET 200 https://registry.npmjs.org/grammex/-/grammex-3.1.12.tgz 484ms (cache miss)
746 http fetch GET 200 https://registry.npmjs.org/require-from-string/-/require-from-string-2.0.2.tgz 489ms (cache miss)
747 http fetch GET 200 https://registry.npmjs.org/@radix-ui/react-use-layout-effect/-/react-use-layout-effect-1.1.1.tgz 499ms (cache miss)
748 http fetch GET 200 https://registry.npmjs.org/v8-compile-cache-lib/-/v8-compile-cache-lib-3.0.1.tgz 494ms (cache miss)
749 http fetch GET 200 https://registry.npmjs.org/@radix-ui/react-slot/-/react-slot-1.2.3.tgz 505ms (cache miss)
750 http fetch GET 200 https://registry.npmjs.org/@radix-ui/react-use-controllable-state/-/react-use-controllable-state-1.2.2.tgz 504ms (cache miss)
751 http fetch GET 200 https://registry.npmjs.org/@radix-ui/react-use-effect-event/-/react-use-effect-event-0.0.2.tgz 505ms (cache miss)
752 http fetch GET 200 https://registry.npmjs.org/@radix-ui/primitive/-/primitive-1.1.3.tgz 518ms (cache miss)
753 http fetch GET 200 https://registry.npmjs.org/yn/-/yn-3.1.1.tgz 515ms (cache miss)
754 http fetch GET 200 https://registry.npmjs.org/destr/-/destr-2.0.5.tgz 524ms (cache miss)
755 http fetch GET 200 https://registry.npmjs.org/@tsconfig/node12/-/node12-1.0.11.tgz 525ms (cache miss)
756 http fetch GET 200 https://registry.npmjs.org/safer-buffer/-/safer-buffer-2.1.2.tgz 522ms (cache miss)
757 http fetch GET 200 https://registry.npmjs.org/create-require/-/create-require-1.1.1.tgz 534ms (cache miss)
758 http fetch GET 200 https://registry.npmjs.org/seq-queue/-/seq-queue-0.0.5.tgz 529ms (cache miss)
759 http fetch GET 200 https://registry.npmjs.org/is-property/-/is-property-1.0.2.tgz 530ms (cache miss)
760 http fetch GET 200 https://registry.npmjs.org/lru.min/-/lru.min-1.1.4.tgz 529ms (cache miss)
761 http fetch GET 200 https://registry.npmjs.org/@tsconfig/node14/-/node14-1.0.3.tgz 533ms (cache miss)
762 http fetch GET 200 https://registry.npmjs.org/generate-function/-/generate-function-2.3.1.tgz 529ms (cache miss)
763 http fetch GET 200 https://registry.npmjs.org/pkg-types/-/pkg-types-2.3.1.tgz 524ms (cache miss)
764 http fetch GET 200 https://registry.npmjs.org/rc9/-/rc9-3.0.1.tgz 525ms (cache miss)
765 http fetch GET 200 https://registry.npmjs.org/@tsconfig/node16/-/node16-1.0.4.tgz 545ms (cache miss)
766 http fetch GET 200 https://registry.npmjs.org/ohash/-/ohash-2.0.11.tgz 528ms (cache miss)
767 http fetch GET 200 https://registry.npmjs.org/perfect-debounce/-/perfect-debounce-2.1.0.tgz 530ms (cache miss)
768 http fetch GET 200 https://registry.npmjs.org/exsolve/-/exsolve-1.0.8.tgz 529ms (cache miss)
769 http fetch GET 200 https://registry.npmjs.org/defu/-/defu-6.1.7.tgz 528ms (cache miss)
770 http fetch GET 200 https://registry.npmjs.org/env-paths/-/env-paths-3.0.0.tgz 559ms (cache miss)
771 http fetch GET 200 https://registry.npmjs.org/std-env/-/std-env-3.10.0.tgz 557ms (cache miss)
772 http fetch GET 200 https://registry.npmjs.org/make-error/-/make-error-1.3.6.tgz 598ms (cache miss)
773 http fetch GET 200 https://registry.npmjs.org/@tsconfig/node10/-/node10-1.0.12.tgz 601ms (cache miss)
774 http fetch GET 200 https://registry.npmjs.org/pathe/-/pathe-2.0.3.tgz 596ms (cache miss)
775 http cache https://registry.npmjs.org/glob 288ms (cache hit)
776 silly packumentCache corgi:https://registry.npmjs.org/glob set size:199194 disposed:false
777 http cache https://registry.npmjs.org/postcss 291ms (cache hit)
778 silly packumentCache corgi:https://registry.npmjs.org/postcss set size:343029 disposed:false
779 http fetch GET 200 https://registry.npmjs.org/get-port-please/-/get-port-please-3.2.0.tgz 604ms (cache miss)
780 http fetch GET 200 https://registry.npmjs.org/proper-lockfile/-/proper-lockfile-4.1.2.tgz 609ms (cache miss)
781 http cache https://registry.npmjs.org/next 355ms (cache hit)
782 silly packumentCache corgi:https://registry.npmjs.org/next set size:24842227 disposed:false
783 http fetch GET 200 https://registry.npmjs.org/denque/-/denque-2.1.0.tgz 1193ms (cache miss)
784 http fetch GET 200 https://registry.npmjs.org/sqlstring/-/sqlstring-2.3.3.tgz 1209ms (cache miss)
785 http fetch GET 200 https://registry.npmjs.org/empathic/-/empathic-2.0.0.tgz 1217ms (cache miss)
786 http fetch GET 200 https://registry.npmjs.org/@prisma/engines-version/-/engines-version-7.8.0-6.3c6e192761c0362d496ed980de936e2f3cebcd3a.tgz 1242ms (cache miss)
787 http fetch GET 200 https://registry.npmjs.org/@standard-schema/spec/-/spec-1.1.0.tgz 1273ms (cache miss)
788 http fetch GET 200 https://registry.npmjs.org/@radix-ui/react-compose-refs/-/react-compose-refs-1.1.2.tgz 1332ms (cache miss)
789 http fetch GET 200 https://registry.npmjs.org/@prisma/debug/-/debug-7.8.0.tgz 1300ms (cache miss)
790 http fetch GET 200 https://registry.npmjs.org/@prisma/config/-/config-7.8.0.tgz 1286ms (cache miss)
791 http fetch GET 200 https://registry.npmjs.org/acorn-walk/-/acorn-walk-8.3.5.tgz 1339ms (cache miss)
792 http fetch GET 200 https://registry.npmjs.org/@cspotcode/source-map-support/-/source-map-support-0.8.1.tgz 1368ms (cache miss)
793 http fetch GET 200 https://registry.npmjs.org/@kurkle/color/-/color-0.3.4.tgz 1360ms (cache miss)
794 http fetch GET 200 https://registry.npmjs.org/long/-/long-5.3.2.tgz 1406ms (cache miss)
795 http fetch GET 200 https://registry.npmjs.org/json-schema-traverse/-/json-schema-traverse-1.0.0.tgz 1416ms (cache miss)
796 http fetch GET 200 https://registry.npmjs.org/deepmerge-ts/-/deepmerge-ts-7.1.5.tgz 1429ms (cache miss)
797 http fetch GET 200 https://registry.npmjs.org/signal-exit/-/signal-exit-3.0.7.tgz 1423ms (cache miss)
798 http fetch GET 200 https://registry.npmjs.org/c12/-/c12-3.3.4.tgz 1426ms (cache miss)
799 http fetch GET 200 https://registry.npmjs.org/better-result/-/better-result-2.9.2.tgz 1464ms (cache miss)
800 http fetch GET 200 https://registry.npmjs.org/dotenv/-/dotenv-17.4.2.tgz 1529ms (cache miss)
801 http fetch GET 200 https://registry.npmjs.org/@prisma/engines/-/engines-7.8.0.tgz 1534ms (cache miss)
802 http fetch GET 200 https://registry.npmjs.org/retry/-/retry-0.12.0.tgz 1575ms (cache miss)
803 http fetch GET 200 https://registry.npmjs.org/aws-ssl-profiles/-/aws-ssl-profiles-1.1.2.tgz 1570ms (cache miss)
804 http fetch GET 200 https://registry.npmjs.org/@jridgewell/trace-mapping/-/trace-mapping-0.3.9.tgz 1718ms (cache miss)
805 http fetch GET 200 https://registry.npmjs.org/valibot/-/valibot-1.2.0.tgz 1741ms (cache miss)
806 http fetch GET 200 https://registry.npmjs.org/zeptomatch/-/zeptomatch-2.1.0.tgz 1771ms (cache miss)
807 http fetch GET 200 https://registry.npmjs.org/@radix-ui/react-toggle/-/react-toggle-1.1.10.tgz 1768ms (cache miss)
808 http fetch GET 200 https://registry.npmjs.org/@radix-ui/react-primitive/-/react-primitive-2.1.3.tgz 1770ms (cache miss)
809 http fetch GET 200 https://registry.npmjs.org/confbox/-/confbox-0.2.4.tgz 1835ms (cache miss)
810 http fetch GET 200 https://registry.npmjs.org/fast-uri/-/fast-uri-3.1.0.tgz 1863ms (cache miss)
811 http fetch GET 200 https://registry.npmjs.org/iconv-lite/-/iconv-lite-0.7.2.tgz 1863ms (cache miss)
812 http fetch GET 200 https://registry.npmjs.org/diff/-/diff-4.0.4.tgz 1874ms (cache miss)
813 http fetch GET 200 https://registry.npmjs.org/@electric-sql/pglite-socket/-/pglite-socket-0.1.1.tgz 1893ms (cache miss)
814 http fetch GET 200 https://registry.npmjs.org/named-placeholders/-/named-placeholders-1.1.6.tgz 1886ms (cache miss)
815 http fetch GET 200 https://registry.npmjs.org/@prisma/debug/-/debug-7.2.0.tgz 1896ms (cache miss)
816 http fetch GET 200 https://registry.npmjs.org/http-status-codes/-/http-status-codes-2.3.0.tgz 1938ms (cache miss)
817 http fetch GET 200 https://registry.npmjs.org/chokidar/-/chokidar-5.0.0.tgz 1914ms (cache miss)
818 http fetch GET 200 https://registry.npmjs.org/readdirp/-/readdirp-5.0.0.tgz 1921ms (cache miss)
819 http fetch GET 200 https://registry.npmjs.org/@prisma/streams-local/-/streams-local-0.1.2.tgz 1984ms (cache miss)
820 http fetch GET 200 https://registry.npmjs.org/arg/-/arg-4.1.3.tgz 1981ms (cache miss)
821 http fetch GET 200 https://registry.npmjs.org/@hono%2fnode-server 1756ms (cache miss)
822 silly packumentCache corgi:https://registry.npmjs.org/@hono%2fnode-server set size:undefined disposed:false
823 silly packumentCache corgi:https://registry.npmjs.org/@next%2feslint-plugin-next cache-miss
824 http fetch GET 200 https://registry.npmjs.org/giget/-/giget-3.2.0.tgz 2103ms (cache miss)
825 http fetch GET 200 https://registry.npmjs.org/@electric-sql/pglite-tools/-/pglite-tools-0.3.1.tgz 2139ms (cache miss)
826 http fetch GET 200 https://registry.npmjs.org/postgres/-/postgres-3.4.7.tgz 2154ms (cache miss)
827 http fetch GET 200 https://registry.npmjs.org/@prisma/fetch-engine/-/fetch-engine-7.8.0.tgz 2178ms (cache miss)
828 http cache https://registry.npmjs.org/@next%2feslint-plugin-next 63ms (cache hit)
829 silly packumentCache corgi:https://registry.npmjs.org/@next%2feslint-plugin-next set size:3206329 disposed:false
830 http fetch GET 200 https://registry.npmjs.org/@prisma/get-platform/-/get-platform-7.2.0.tgz 2294ms (cache miss)
831 silly packumentCache corgi:https://registry.npmjs.org/@prisma%2fdev cache-miss
832 http fetch GET 200 https://registry.npmjs.org/@prisma/query-plan-executor/-/query-plan-executor-7.2.0.tgz 2440ms (cache miss)
833 http fetch GET 200 https://registry.npmjs.org/@hono/node-server/-/node-server-1.19.11.tgz 2467ms (cache miss)
834 http fetch GET 200 https://registry.npmjs.org/jiti/-/jiti-2.6.1.tgz 2441ms (cache miss)
835 http fetch GET 200 https://registry.npmjs.org/@prisma/get-platform/-/get-platform-7.8.0.tgz 2492ms (cache miss)
836 http fetch GET 200 https://registry.npmjs.org/@prisma/get-platform/-/get-platform-7.8.0.tgz 2651ms (cache miss)
837 http fetch GET 200 https://registry.npmjs.org/pure-rand/-/pure-rand-6.1.0.tgz 2781ms (cache miss)
838 http fetch GET 200 https://registry.npmjs.org/ts-node/-/ts-node-10.9.2.tgz 2897ms (cache miss)
839 http fetch GET 200 https://registry.npmjs.org/@prisma%2fdev 713ms (cache miss)
840 silly packumentCache corgi:https://registry.npmjs.org/@prisma%2fdev set size:undefined disposed:false
841 silly packumentCache corgi:https://registry.npmjs.org/eslint-config-next cache-miss
842 http cache https://registry.npmjs.org/eslint-config-next 33ms (cache hit)
843 silly packumentCache corgi:https://registry.npmjs.org/eslint-config-next set size:3858039 disposed:false
844 silly packumentCache corgi:https://registry.npmjs.org/prisma cache-miss
845 http fetch GET 200 https://registry.npmjs.org/mysql2/-/mysql2-3.15.3.tgz 3319ms (cache miss)
846 http fetch GET 200 https://registry.npmjs.org/chart.js/-/chart.js-4.5.1.tgz 3465ms (cache miss)
847 http fetch GET 200 https://registry.npmjs.org/@prisma/dev/-/dev-0.24.3.tgz 3525ms (cache miss)
848 http fetch GET 200 https://registry.npmjs.org/ajv/-/ajv-8.20.0.tgz 4815ms (cache miss)
849 http fetch GET 200 https://registry.npmjs.org/remeda/-/remeda-2.33.4.tgz 4948ms (cache miss)
850 http fetch GET 200 https://registry.npmjs.org/hono/-/hono-4.12.16.tgz 5347ms (cache miss)
851 http fetch GET 200 https://registry.npmjs.org/prisma 2295ms (cache miss)
852 silly packumentCache corgi:https://registry.npmjs.org/prisma set size:undefined disposed:false
853 silly packumentCache corgi:https://registry.npmjs.org/@prisma%2fclient cache-miss
854 http fetch GET 200 https://registry.npmjs.org/fast-check/-/fast-check-3.23.2.tgz 7632ms (cache miss)
855 http fetch GET 200 https://registry.npmjs.org/@prisma/studio-core/-/studio-core-0.27.3.tgz 8219ms (cache miss)
856 http fetch GET 200 https://registry.npmjs.org/@prisma%2fclient 2774ms (cache miss)
857 silly packumentCache corgi:https://registry.npmjs.org/@prisma%2fclient set size:undefined disposed:false
858 http fetch GET 200 https://registry.npmjs.org/prisma/-/prisma-7.8.0.tgz 9437ms (cache miss)
859 http fetch GET 200 https://registry.npmjs.org/@electric-sql/pglite/-/pglite-0.4.1.tgz 9956ms (cache miss)
860 http fetch GET 200 https://registry.npmjs.org/effect/-/effect-3.20.0.tgz 18021ms (cache miss)
861 info run prisma@7.8.0 preinstall node_modules/prisma node scripts/preinstall-entry.js
862 info run prisma@7.8.0 preinstall { code: 0, signal: null }
863 info run @prisma/engines@7.8.0 postinstall node_modules/@prisma/engines node scripts/postinstall.js
864 info run @prisma/engines@7.8.0 postinstall { code: 0, signal: null }
865 silly ADD node_modules/@radix-ui/react-compose-refs
866 silly ADD node_modules/@radix-ui/react-slot
867 silly ADD node_modules/@radix-ui/react-use-layout-effect
868 silly ADD node_modules/@radix-ui/react-use-effect-event
869 silly ADD node_modules/@radix-ui/react-use-controllable-state
870 silly ADD node_modules/@radix-ui/primitive
871 silly ADD node_modules/require-from-string
872 silly ADD node_modules/fast-uri
873 silly ADD node_modules/graphmatch
874 silly ADD node_modules/grammex
875 silly ADD node_modules/yn
876 silly ADD node_modules/v8-compile-cache-lib
877 silly ADD node_modules/make-error
878 silly ADD node_modules/diff
879 silly ADD node_modules/create-require
880 silly ADD node_modules/acorn-walk
881 silly ADD node_modules/@tsconfig/node16
882 silly ADD node_modules/@tsconfig/node14
883 silly ADD node_modules/@tsconfig/node12
884 silly ADD node_modules/@tsconfig/node10
885 silly ADD node_modules/@cspotcode/source-map-support
886 silly ADD node_modules/@cspotcode/source-map-support/node_modules/@jridgewell/trace-mapping
887 silly ADD node_modules/destr
888 silly ADD node_modules/retry
889 silly ADD node_modules/safer-buffer
890 silly ADD node_modules/is-property
891 silly ADD node_modules/sqlstring
892 silly ADD node_modules/seq-queue
893 silly ADD node_modules/named-placeholders
894 silly ADD node_modules/lru.min
895 silly ADD node_modules/long
896 silly ADD node_modules/iconv-lite
897 silly ADD node_modules/generate-function
898 silly ADD node_modules/denque
899 silly ADD node_modules/aws-ssl-profiles
900 silly ADD node_modules/pure-rand
901 silly ADD node_modules/fast-check
902 silly ADD node_modules/@standard-schema/spec
903 silly ADD node_modules/@kurkle/color
904 silly ADD node_modules/rc9
905 silly ADD node_modules/pkg-types
906 silly ADD node_modules/perfect-debounce
907 silly ADD node_modules/ohash
908 silly ADD node_modules/giget
909 silly ADD node_modules/exsolve
910 silly ADD node_modules/dotenv
911 silly ADD node_modules/defu
912 silly ADD node_modules/confbox
913 silly ADD node_modules/chart.js
914 silly ADD node_modules/env-paths
915 silly ADD node_modules/better-result
916 silly ADD node_modules/@prisma/fetch-engine
917 silly ADD node_modules/@prisma/fetch-engine/node_modules/@prisma/get-platform
918 silly ADD node_modules/@prisma/engines-version
919 silly ADD node_modules/@prisma/debug
920 silly ADD node_modules/zeptomatch
921 silly ADD node_modules/valibot
922 silly ADD node_modules/std-env
923 silly ADD node_modules/remeda
924 silly ADD node_modules/proper-lockfile
925 silly ADD node_modules/proper-lockfile/node_modules/signal-exit
926 silly ADD node_modules/pathe
927 silly ADD node_modules/http-status-codes
928 silly ADD node_modules/get-port-please
929 silly ADD node_modules/@prisma/streams-local
930 silly ADD node_modules/@prisma/streams-local/node_modules/json-schema-traverse
931 silly ADD node_modules/@prisma/streams-local/node_modules/ajv
932 silly ADD node_modules/@prisma/query-plan-executor
933 silly ADD node_modules/@prisma/get-platform
934 silly ADD node_modules/@prisma/get-platform/node_modules/@prisma/debug
935 silly ADD node_modules/hono
936 silly ADD node_modules/@hono/node-server
937 silly ADD node_modules/@electric-sql/pglite-tools
938 silly ADD node_modules/@electric-sql/pglite-socket
939 silly ADD node_modules/@electric-sql/pglite
940 silly ADD node_modules/empathic
941 silly ADD node_modules/effect
942 silly ADD node_modules/deepmerge-ts
943 silly ADD node_modules/c12
944 silly ADD node_modules/c12/node_modules/readdirp
945 silly ADD node_modules/c12/node_modules/jiti
946 silly ADD node_modules/c12/node_modules/chokidar
947 silly ADD node_modules/postgres
948 silly ADD node_modules/mysql2
949 silly ADD node_modules/@prisma/studio-core
950 silly ADD node_modules/@prisma/studio-core/node_modules/@radix-ui/react-toggle
951 silly ADD node_modules/@prisma/studio-core/node_modules/@radix-ui/react-toggle/node_modules/@radix-ui/react-primitive
952 silly ADD node_modules/@prisma/engines
953 silly ADD node_modules/@prisma/engines/node_modules/@prisma/get-platform
954 silly ADD node_modules/@prisma/dev
955 silly ADD node_modules/@prisma/config
956 silly ADD node_modules/ts-node
957 silly ADD node_modules/ts-node/node_modules/arg
958 silly ADD node_modules/prisma
959 verbose cwd C:\Users\Administrator\OneDrive - Innlandet fylkeskommune\Skrivebord\Case Battle\Case-Battle
960 verbose os Windows_NT 10.0.26100
961 verbose node v24.13.0
962 verbose npm  v11.6.2
963 verbose exit 0
964 info ok
